Date,Quarter,Month,Region,Country,Product_Category,Product,Salesperson,Customer_Segment,Deal_Stage,Units,Unit_Price,Revenue,Cost,Profit,Discount_Pct,Customer_Satisfaction
2024-01-01,Q1 2024,Jan,Latin America,Brazil,Software,Cloud Suite,Pedro Morales,SMB,Closed Lost,10,1765.31,11915.84,7468.05,4447.79,10.0,3.1
2024-01-01,Q1 2024,Jan,Europe,France,Subscriptions,Basic Plan,Sophie Dupont,SMB,Closed Won,159,50.4,8220.75,5338.12,2882.63,2.3,4.1
2024-01-01,Q1 2024,Jan,North America,Canada,Software,Cloud Suite,Sarah Chen,Education,Proposal,39,2225.13,84285.14,49655.62,34629.52,22.3,4.9
2024-01-02,Q1 2024,Jan,North America,USA,Software,Security Pro,Mike Johnson,SMB,Proposal,29,646.67,19184.76,12411.75,6773.01,7.0,3.8
2024-01-02,Q1 2024,Jan,Europe,France,Hardware,Networking Kit,Sophie Dupont,SMB,Closed Won,44,846.6,36922.6,26871.61,10050.99,5.6,4.2
2024-01-03,Q1 2024,Jan,Asia Pacific,India,Software,Security Pro,Raj Patel,Education,Closed Won,33,771.19,19290.55,11702.42,7588.13,24.2,3.8
2024-01-04,Q1 2024,Jan,Asia Pacific,India,Services,Implementation,Yuki Tanaka,Education,Lead,156,210.51,32787.02,25913.51,6873.51,23.2,4.2
2024-01-05,Q1 2024,Jan,Asia Pacific,Japan,Hardware,Server Rack,Yuki Tanaka,SMB,Closed Won,64,3666.92,295324.94,219291.37,76033.57,3.2,4.3
2024-01-05,Q1 2024,Jan,Asia Pacific,Australia,Subscriptions,Enterprise Plan,Raj Patel,SMB,Proposal,32,442.54,13099.18,8467.32,4631.86,7.5,3.4
2024-01-05,Q1 2024,Jan,Asia Pacific,India,Hardware,Laptop Pro,Yuki Tanaka,SMB,Qualified,42,2092.06,106573.3,81431.48,25141.82,6.7,3.6
2024-01-05,Q1 2024,Jan,Latin America,Mexico,Software,Security Pro,Ana Gutierrez,Enterprise,Lead,32,571.21,16870.34,10111.21,6759.13,12.1,3.7
2024-01-05,Q1 2024,Jan,Asia Pacific,Japan,Services,Training,Yuki Tanaka,SMB,Closed Won,24,80.12,2497.24,1809.81,687.43,0.1,4.1
2024-01-05,Q1 2024,Jan,Asia Pacific,Australia,Subscriptions,Professional Plan,Liam Zhang,SMB,Qualified,43,189.08,6871.03,3786.21,3084.82,6.1,3.1
2024-01-05,Q1 2024,Jan,Asia Pacific,Japan,Hardware,Desktop Plus,Liam Zhang,SMB,Closed Won,89,1453.36,111873.98,86188.07,25685.91,3.9,3.2
2024-01-05,Q1 2024,Jan,Asia Pacific,Japan,Software,Cloud Suite,Raj Patel,Enterprise,Lead,41,1762.63,60704.98,36736.17,23968.81,16.0,3.4
2024-01-06,Q1 2024,Jan,Asia Pacific,Japan,Services,Support,Liam Zhang,Enterprise,Lead,32,143.83,3139.87,2423.18,716.69,24.2,3.9
2024-01-06,Q1 2024,Jan,North America,Canada,Hardware,Server Rack,Elena Rodriguez,Government,Closed Won,100,4731.41,358333.34,277050.36,81282.98,10.9,3.7
2024-01-06,Q1 2024,Jan,North America,Canada,Software,Security Pro,Mike Johnson,SMB,Negotiation,40,795.81,32984.73,18409.65,14575.08,5.8,3.5
2024-01-08,Q1 2024,Jan,Europe,France,Subscriptions,Basic Plan,Hans Mueller,SMB,Qualified,415,60.68,29493.39,18538.98,10954.41,2.4,4.4
2024-01-08,Q1 2024,Jan,North America,USA,Software,Security Pro,Elena Rodriguez,Education,Qualified,10,504.61,3469.95,2006.09,1463.86,19.1,4.1
2024-01-08,Q1 2024,Jan,Europe,UK,Hardware,Server Rack,Hans Mueller,Enterprise,Qualified,46,4858.42,232248.02,174470.64,57777.38,13.4,3.8
2024-01-08,Q1 2024,Jan,Europe,France,Software,Security Pro,Hans Mueller,Government,Closed Lost,14,829.6,11595.82,7079.19,4516.63,16.8,3.9
2024-01-08,Q1 2024,Jan,North America,USA,Hardware,Server Rack,Mike Johnson,Enterprise,Proposal,49,4134.65,176503.25,130863.0,45640.25,20.8,3.6
2024-01-08,Q1 2024,Jan,Asia Pacific,India,Services,Consulting,Yuki Tanaka,SMB,Lead,55,246.26,17501.94,13747.66,3754.28,0.6,3.8
2024-01-10,Q1 2024,Jan,North America,USA,Subscriptions,Basic Plan,Sarah Chen,Government,Negotiation,26,64.14,1711.42,972.74,738.68,17.9,4.1
2024-01-10,Q1 2024,Jan,Europe,Germany,Software,Data Platform,James Clarke,SMB,Lead,14,3195.86,33753.39,19390.76,14362.63,5.7,3.2
2024-01-11,Q1 2024,Jan,Asia Pacific,Australia,Software,Security Pro,Liam Zhang,Education,Closed Won,40,1007.41,30572.88,19238.5,11334.38,15.7,3.9
2024-01-11,Q1 2024,Jan,North America,Canada,Services,Implementation,Sarah Chen,SMB,Negotiation,97,748.91,87808.76,70942.98,16865.78,3.3,4.0
2024-01-11,Q1 2024,Jan,Europe,UK,Hardware,Desktop Plus,James Clarke,Education,Qualified,71,1532.62,71557.41,51101.65,20455.76,17.8,3.9
2024-01-11,Q1 2024,Jan,North America,USA,Services,Support,Mike Johnson,Government,Lead,116,390.09,46888.51,34783.67,12104.84,5.8,3.7
2024-01-12,Q1 2024,Jan,Europe,Germany,Software,Data Platform,Sophie Dupont,SMB,Proposal,33,2943.99,93338.47,54834.51,38503.96,8.5,4.6
2024-01-13,Q1 2024,Jan,Europe,France,Services,Support,Sophie Dupont,SMB,Proposal,155,120.29,18422.14,13252.24,5169.9,5.9,3.6
2024-01-13,Q1 2024,Jan,Asia Pacific,Australia,Software,Security Pro,Yuki Tanaka,SMB,Lead,27,1258.82,42505.57,27242.39,15263.18,3.8,4.8
2024-01-14,Q1 2024,Jan,North America,Canada,Software,Cloud Suite,Sarah Chen,Education,Closed Won,40,949.27,38018.26,21964.6,16053.66,19.9,4.9
2024-01-14,Q1 2024,Jan,Europe,UK,Hardware,Server Rack,James Clarke,SMB,Qualified,79,4713.34,271967.26,212471.04,59496.22,8.7,3.3
2024-01-14,Q1 2024,Jan,North America,USA,Hardware,Networking Kit,Mike Johnson,Enterprise,Closed Lost,62,411.08,23662.09,18031.4,5630.69,15.6,3.8
2024-01-15,Q1 2024,Jan,North America,USA,Services,Implementation,Elena Rodriguez,Enterprise,Closed Lost,120,534.71,43359.63,33383.74,9975.89,20.5,3.9
2024-01-15,Q1 2024,Jan,Europe,Germany,Hardware,Server Rack,Hans Mueller,SMB,Closed Lost,14,4169.73,66338.74,50567.59,15771.15,5.3,3.9
2024-01-16,Q1 2024,Jan,North America,USA,Hardware,Desktop Plus,Elena Rodriguez,Government,Lead,51,1005.97,40643.4,30836.41,9806.99,6.8,3.4
2024-01-16,Q1 2024,Jan,Europe,UK,Subscriptions,Basic Plan,James Clarke,Government,Lead,398,68.91,19659.09,11644.3,8014.79,10.4,2.8
2024-01-17,Q1 2024,Jan,Europe,Germany,Software,Data Platform,Sophie Dupont,SMB,Lead,26,2351.39,63807.79,41001.98,22805.81,0.6,3.2
2024-01-17,Q1 2024,Jan,North America,Canada,Services,Consulting,Elena Rodriguez,SMB,Proposal,20,255.65,4154.82,3599.55,555.27,4.4,3.3
2024-01-18,Q1 2024,Jan,Asia Pacific,Australia,Services,Training,Liam Zhang,Education,Lead,106,143.95,11343.32,8208.94,3134.38,17.4,4.1
2024-01-20,Q1 2024,Jan,Europe,France,Software,Security Pro,Hans Mueller,SMB,Proposal,46,1218.75,61556.62,39794.26,21762.36,8.5,4.3
2024-01-20,Q1 2024,Jan,North America,Canada,Subscriptions,Enterprise Plan,Mike Johnson,Education,Closed Won,493,530.69,218722.82,125378.55,93344.27,24.0,3.7
2024-01-20,Q1 2024,Jan,North America,USA,Software,Security Pro,Elena Rodriguez,SMB,Lead,49,636.83,25648.68,16001.87,9646.81,3.3,2.9
2024-01-20,Q1 2024,Jan,Asia Pacific,Japan,Subscriptions,Enterprise Plan,Yuki Tanaka,SMB,Closed Won,156,741.36,136666.16,79172.81,57493.35,9.1,3.4
2024-01-21,Q1 2024,Jan,Asia Pacific,Australia,Hardware,Laptop Pro,Raj Patel,SMB,Lead,44,2217.09,96088.68,72160.19,23928.49,1.5,2.5
2024-01-21,Q1 2024,Jan,Europe,UK,Software,Cloud Suite,Sophie Dupont,SMB,Closed Won,40,1887.68,75714.84,43859.47,31855.37,4.5,3.4
2024-01-21,Q1 2024,Jan,North America,USA,Services,Support,Mike Johnson,Enterprise,Closed Lost,92,336.26,30048.06,21841.81,8206.25,11.7,4.3
2024-01-21,Q1 2024,Jan,Latin America,Colombia,Software,Security Pro,Pedro Morales,Government,Lead,35,762.32,18630.15,11186.53,7443.62,6.9,3.6
2024-01-22,Q1 2024,Jan,Asia Pacific,Japan,Hardware,Desktop Plus,Raj Patel,Education,Lead,57,1339.62,62155.69,44170.63,17985.06,18.6,3.5
2024-01-22,Q1 2024,Jan,North America,Canada,Software,Data Platform,Elena Rodriguez,Government,Qualified,36,3401.7,97221.95,55252.66,41969.29,6.6,3.0
2024-01-23,Q1 2024,Jan,Europe,Germany,Services,Consulting,Hans Mueller,Enterprise,Lead,162,495.31,76934.32,65476.97,11457.35,20.1,4.4
2024-01-26,Q1 2024,Jan,Europe,Germany,Subscriptions,Professional Plan,Hans Mueller,Enterprise,Qualified,341,108.88,33459.83,19235.88,14223.95,24.9,4.4
2024-01-27,Q1 2024,Jan,North America,Canada,Hardware,Desktop Plus,Elena Rodriguez,SMB,Closed Lost,48,1374.83,55868.69,40210.39,15658.3,0.4,2.9
2024-01-27,Q1 2024,Jan,Asia Pacific,Japan,Software,Security Pro,Yuki Tanaka,SMB,Lead,14,1155.29,20164.2,12552.11,7612.09,4.1,3.8
2024-01-28,Q1 2024,Jan,Asia Pacific,India,Services,Consulting,Liam Zhang,SMB,Closed Won,154,250.03,33475.92,26465.46,7010.46,3.4,3.3
2024-01-28,Q1 2024,Jan,North America,Canada,Subscriptions,Basic Plan,Sarah Chen,SMB,Proposal,310,75.35,27884.21,17997.22,9886.99,4.5,4.4
2024-01-28,Q1 2024,Jan,Latin America,Mexico,Software,Cloud Suite,Pedro Morales,Enterprise,Lead,46,1701.89,50729.94,32361.77,18368.17,13.6,3.0
2024-01-28,Q1 2024,Jan,North America,USA,Software,Data Platform,Mike Johnson,Enterprise,Closed Won,9,1936.91,16222.4,9011.98,7210.42,15.4,4.9
2024-01-28,Q1 2024,Jan,Latin America,Mexico,Hardware,Desktop Plus,Pedro Morales,Education,Qualified,72,1265.16,54996.51,42946.99,12049.52,19.5,3.1
2024-01-28,Q1 2024,Jan,Asia Pacific,Japan,Hardware,Networking Kit,Raj Patel,Enterprise,Closed Lost,17,1414.09,20433.6,14649.12,5784.48,15.0,3.3
2024-01-29,Q1 2024,Jan,Europe,Germany,Services,Support,James Clarke,SMB,Lead,48,237.64,8267.59,5992.98,2274.61,9.4,3.5
2024-01-29,Q1 2024,Jan,Asia Pacific,India,Software,Data Platform,Liam Zhang,Enterprise,Proposal,9,3367.91,21551.26,12317.07,9234.19,21.0,4.2
2024-01-29,Q1 2024,Jan,Europe,France,Services,Consulting,Hans Mueller,Education,Proposal,188,379.43,65911.54,55978.22,9933.32,23.0,4.6
2024-01-29,Q1 2024,Jan,North America,Canada,Software,Security Pro,Elena Rodriguez,Enterprise,Qualified,14,1645.21,16445.52,9445.91,6999.61,16.0,3.4
2024-01-29,Q1 2024,Jan,North America,USA,Software,Data Platform,Sarah Chen,Enterprise,Negotiation,30,3269.29,110338.54,63212.22,47126.32,10.0,5.0
2024-01-30,Q1 2024,Jan,Asia Pacific,Australia,Software,Data Platform,Raj Patel,SMB,Negotiation,7,2438.0,15649.52,10066.04,5583.48,8.3,4.4
2024-01-30,Q1 2024,Jan,Asia Pacific,Japan,Hardware,Server Rack,Liam Zhang,Education,Lead,10,4648.22,32546.84,23304.37,9242.47,22.2,4.3
2024-01-30,Q1 2024,Jan,Asia Pacific,India,Services,Support,Liam Zhang,Enterprise,Negotiation,159,191.93,20846.07,16402.27,4443.8,24.1,3.2
2024-01-31,Q1 2024,Jan,Latin America,Brazil,Subscriptions,Professional Plan,Carlos Silva,Education,Lead,423,184.87,69336.04,44261.57,25074.47,22.9,4.0
2024-02-01,Q1 2024,Feb,Europe,Germany,Subscriptions,Professional Plan,Hans Mueller,Enterprise,Qualified,196,122.66,24464.49,15016.81,9447.68,15.2,3.8
2024-02-01,Q1 2024,Feb,North America,USA,Subscriptions,Basic Plan,Sarah Chen,SMB,Proposal,24,48.72,1347.6,854.54,493.06,7.8,4.0
2024-02-03,Q1 2024,Feb,Asia Pacific,India,Services,Support,Raj Patel,SMB,Closed Lost,157,288.3,44267.31,33086.0,11181.31,2.2,3.8
2024-02-03,Q1 2024,Feb,Latin America,Brazil,Software,Security Pro,Carlos Silva,Enterprise,Closed Won,41,731.95,28126.83,17983.49,10143.34,18.5,4.1
2024-02-03,Q1 2024,Feb,Latin America,Brazil,Services,Training,Pedro Morales,Government,Proposal,11,65.04,455.02,350.34,104.68,15.2,3.3
2024-02-04,Q1 2024,Feb,Asia Pacific,India,Software,Cloud Suite,Raj Patel,Government,Closed Won,41,1788.96,65792.58,41258.66,24533.92,10.3,3.9
2024-02-04,Q1 2024,Feb,North America,USA,Subscriptions,Basic Plan,Sarah Chen,Enterprise,Closed Lost,396,76.0,33180.84,20006.47,13174.37,11.8,3.7
2024-02-05,Q1 2024,Feb,Europe,UK,Subscriptions,Basic Plan,Hans Mueller,Education,Closed Won,131,37.52,4983.93,3173.48,1810.45,15.5,3.8
2024-02-05,Q1 2024,Feb,North America,USA,Hardware,Laptop Pro,Mike Johnson,Enterprise,Lead,3,1296.09,3468.73,2664.23,804.5,18.9,4.1
2024-02-06,Q1 2024,Feb,Latin America,Brazil,Subscriptions,Enterprise Plan,Ana Gutierrez,Education,Lead,457,697.44,269741.27,154686.51,115054.76,19.4,3.5
2024-02-06,Q1 2024,Feb,Asia Pacific,India,Software,Cloud Suite,Liam Zhang,Government,Lead,3,1873.77,4229.47,2676.49,1552.98,16.4,3.7
2024-02-07,Q1 2024,Feb,Europe,UK,Hardware,Server Rack,Sophie Dupont,Enterprise,Closed Won,91,4119.45,336145.88,265804.5,70341.38,14.6,4.0
2024-02-07,Q1 2024,Feb,Latin America,Colombia,Software,Cloud Suite,Ana Gutierrez,Education,Negotiation,33,1529.34,42764.25,23673.86,19090.39,19.3,3.8
2024-02-08,Q1 2024,Feb,North America,Canada,Services,Implementation,Mike Johnson,Government,Lead,144,711.2,94742.08,74271.11,20470.97,15.9,3.9
2024-02-08,Q1 2024,Feb,North America,USA,Software,Cloud Suite,Elena Rodriguez,SMB,Negotiation,4,1480.77,4767.78,2711.55,2056.23,5.3,2.0
2024-02-08,Q1 2024,Feb,Latin America,Mexico,Software,Security Pro,Pedro Morales,Education,Negotiation,18,1678.41,19191.78,10619.14,8572.64,15.3,2.9
2024-02-09,Q1 2024,Feb,Latin America,Brazil,Software,Data Platform,Pedro Morales,SMB,Closed Lost,25,3031.2,56266.65,34368.65,21898.0,1.0,3.4
2024-02-09,Q1 2024,Feb,North America,Canada,Hardware,Desktop Plus,Elena Rodriguez,Government,Qualified,95,1274.34,84792.03,60084.39,24707.64,17.6,3.1
2024-02-09,Q1 2024,Feb,Asia Pacific,Japan,Hardware,Desktop Plus,Raj Patel,Enterprise,Closed Lost,51,950.46,40620.76,31894.0,8726.76,16.2,4.1
2024-02-09,Q1 2024,Feb,North America,USA,Hardware,Desktop Plus,Sarah Chen,SMB,Closed Won,6,1069.21,7321.42,5630.38,1691.04,8.7,3.4
2024-02-09,Q1 2024,Feb,Latin America,Colombia,Software,Data Platform,Ana Gutierrez,Education,Closed Lost,6,3384.82,17955.12,10520.4,7434.72,15.8,4.0
2024-02-09,Q1 2024,Feb,Europe,Germany,Services,Consulting,Hans Mueller,SMB,Lead,176,484.92,98113.67,86302.81,11810.86,4.2,3.7
2024-02-09,Q1 2024,Feb,Europe,Germany,Hardware,Laptop Pro,Hans Mueller,Education,Lead,97,2763.04,262761.79,185707.01,77054.78,18.3,4.5
2024-02-10,Q1 2024,Feb,North America,USA,Software,Data Platform,Mike Johnson,SMB,Proposal,1,2165.57,2360.69,1499.52,861.17,0.9,3.9
2024-02-11,Q1 2024,Feb,North America,USA,Services,Support,Sarah Chen,SMB,Closed Won,195,118.87,27091.22,20041.47,7049.75,6.5,3.7
2024-02-12,Q1 2024,Feb,North America,Canada,Services,Training,Mike Johnson,Enterprise,Lead,71,231.72,14387.38,10741.43,3645.95,20.5,4.5
2024-02-12,Q1 2024,Feb,North America,Canada,Hardware,Server Rack,Sarah Chen,Education,Closed Lost,6,3011.48,17504.23,13256.13,4248.1,22.5,4.1
2024-02-12,Q1 2024,Feb,North America,USA,Hardware,Laptop Pro,Sarah Chen,Enterprise,Closed Won,93,2683.34,266395.29,194714.27,71681.02,14.6,4.5
2024-02-12,Q1 2024,Feb,North America,Canada,Subscriptions,Professional Plan,Mike Johnson,SMB,Closed Lost,216,105.37,22532.32,13247.03,9285.29,10.0,3.6
2024-02-12,Q1 2024,Feb,Europe,Germany,Services,Consulting,Hans Mueller,SMB,Qualified,71,441.9,36068.59,30035.74,6032.85,4.2,3.4
2024-02-13,Q1 2024,Feb,Asia Pacific,Australia,Services,Implementation,Raj Patel,Enterprise,Closed Won,19,617.7,9682.45,7499.54,2182.91,17.5,4.3
2024-02-13,Q1 2024,Feb,North America,USA,Services,Support,Mike Johnson,Education,Lead,23,256.68,5480.94,4263.96,1216.98,15.6,4.4
2024-02-14,Q1 2024,Feb,North America,USA,Hardware,Server Rack,Elena Rodriguez,SMB,Closed Won,8,3346.38,21162.51,15787.93,5374.58,7.0,3.7
2024-02-14,Q1 2024,Feb,North America,Canada,Hardware,Desktop Plus,Sarah Chen,SMB,Lead,93,805.41,87074.89,69061.57,18013.32,7.0,3.4
2024-02-14,Q1 2024,Feb,North America,USA,Subscriptions,Basic Plan,Sarah Chen,Enterprise,Lead,209,60.28,12645.76,7611.31,5034.45,19.7,5.0
2024-02-15,Q1 2024,Feb,North America,Canada,Subscriptions,Basic Plan,Mike Johnson,SMB,Closed Lost,317,69.7,23745.39,13423.56,10321.83,2.3,3.2
2024-02-15,Q1 2024,Feb,Europe,Germany,Subscriptions,Enterprise Plan,Hans Mueller,Enterprise,Closed Won,358,713.26,253712.86,161013.05,92699.81,17.2,4.3
2024-02-15,Q1 2024,Feb,North America,Canada,Software,Security Pro,Elena Rodriguez,Enterprise,Closed Won,17,1109.11,14343.84,9266.04,5077.8,10.5,3.6
2024-02-16,Q1 2024,Feb,Europe,France,Subscriptions,Enterprise Plan,James Clarke,SMB,Negotiation,292,744.09,161652.06,97516.28,64135.78,7.0,3.0
2024-02-16,Q1 2024,Feb,Latin America,Mexico,Subscriptions,Professional Plan,Ana Gutierrez,SMB,Lead,351,134.5,44811.26,27432.61,17378.65,9.6,3.5
2024-02-16,Q1 2024,Feb,North America,Canada,Software,Cloud Suite,Sarah Chen,Education,Qualified,13,1347.54,16642.12,10090.06,6552.06,24.0,4.2
2024-02-16,Q1 2024,Feb,North America,USA,Subscriptions,Professional Plan,Elena Rodriguez,Education,Closed Won,451,246.6,77423.44,44206.31,33217.13,18.1,3.9
2024-02-17,Q1 2024,Feb,Latin America,Mexico,Subscriptions,Basic Plan,Ana Gutierrez,Education,Qualified,480,69.93,27526.13,16548.22,10977.91,21.9,4.2
2024-02-17,Q1 2024,Feb,North America,Canada,Services,Training,Sarah Chen,SMB,Closed Won,158,114.41,21308.0,15934.47,5373.53,5.7,3.8
2024-02-18,Q1 2024,Feb,North America,USA,Hardware,Desktop Plus,Sarah Chen,SMB,Lead,65,887.65,70751.25,50876.41,19874.84,1.9,3.5
2024-02-18,Q1 2024,Feb,North America,USA,Software,Data Platform,Mike Johnson,SMB,Lead,18,1258.61,24920.48,14567.3,10353.18,0.0,4.0
2024-02-18,Q1 2024,Feb,Asia Pacific,Australia,Services,Training,Liam Zhang,Government,Proposal,88,75.65,5596.04,4211.56,1384.48,6.6,3.3
2024-02-18,Q1 2024,Feb,North America,USA,Software,Cloud Suite,Mike Johnson,SMB,Closed Won,24,1630.89,42323.55,25845.83,16477.72,1.7,4.5
2024-02-19,Q1 2024,Feb,North America,Canada,Hardware,Laptop Pro,Mike Johnson,Enterprise,Closed Lost,6,2729.89,14936.32,10648.29,4288.03,17.1,3.4
2024-02-19,Q1 2024,Feb,Latin America,Colombia,Services,Implementation,Carlos Silva,Government,Closed Lost,26,667.22,17077.1,13850.95,3226.15,14.4,4.5
2024-02-19,Q1 2024,Feb,North America,Canada,Hardware,Desktop Plus,Mike Johnson,SMB,Qualified,29,847.83,25098.48,18349.27,6749.21,7.2,3.6
2024-02-20,Q1 2024,Feb,Asia Pacific,Australia,Software,Security Pro,Raj Patel,Education,Closed Won,14,1190.84,13070.66,7584.22,5486.44,21.6,4.5
2024-02-20,Q1 2024,Feb,Europe,Germany,Subscriptions,Basic Plan,Hans Mueller,SMB,Qualified,464,57.5,31951.97,20636.37,11315.6,0.2,3.5
2024-02-21,Q1 2024,Feb,Europe,France,Hardware,Laptop Pro,Hans Mueller,Enterprise,Lead,55,2073.84,112920.59,82872.36,30048.23,17.5,5.0
2024-02-22,Q1 2024,Feb,North America,USA,Subscriptions,Basic Plan,Sarah Chen,SMB,Closed Lost,487,39.52,24057.8,13248.12,10809.68,0.0,3.8
2024-02-22,Q1 2024,Feb,Europe,UK,Subscriptions,Enterprise Plan,James Clarke,Enterprise,Qualified,69,487.17,22992.48,14400.62,8591.86,14.5,3.1
2024-02-22,Q1 2024,Feb,North America,Canada,Software,Security Pro,Mike Johnson,Government,Lead,47,1079.95,48072.57,28621.36,19451.21,13.9,3.6
2024-02-22,Q1 2024,Feb,Asia Pacific,India,Software,Data Platform,Yuki Tanaka,Education,Proposal,42,3491.49,155177.18,88008.86,67168.32,18.6,4.8
2024-02-23,Q1 2024,Feb,Europe,Germany,Subscriptions,Basic Plan,James Clarke,Enterprise,Closed Won,118,65.82,5480.23,3456.59,2023.64,11.8,3.3
2024-02-23,Q1 2024,Feb,North America,Canada,Hardware,Desktop Plus,Elena Rodriguez,Education,Closed Won,63,1945.73,86585.08,65967.53,20617.55,16.9,4.0
2024-02-23,Q1 2024,Feb,North America,USA,Subscriptions,Enterprise Plan,Sarah Chen,Education,Closed Won,53,788.34,41782.02,25164.99,16617.03,20.0,4.2
2024-02-23,Q1 2024,Feb,North America,USA,Services,Training,Mike Johnson,SMB,Closed Won,98,132.21,13439.86,10866.18,2573.68,5.7,4.2
2024-02-24,Q1 2024,Feb,North America,USA,Subscriptions,Basic Plan,Sarah Chen,Government,Closed Won,406,34.41,15786.62,9895.92,5890.7,9.6,4.4
2024-02-24,Q1 2024,Feb,North America,USA,Services,Support,Mike Johnson,SMB,Proposal,26,273.43,7069.37,5189.82,1879.55,9.6,3.5
2024-02-25,Q1 2024,Feb,Europe,UK,Subscriptions,Enterprise Plan,Sophie Dupont,Government,Closed Lost,419,632.04,260269.77,145167.1,115102.67,6.4,3.8
2024-02-25,Q1 2024,Feb,Europe,Germany,Subscriptions,Professional Plan,Hans Mueller,SMB,Qualified,378,124.48,54883.13,35278.04,19605.09,2.8,4.1
2024-02-25,Q1 2024,Feb,Latin America,Colombia,Software,Cloud Suite,Ana Gutierrez,Education,Closed Won,15,1408.08,18384.95,11382.68,7002.27,17.1,3.9
2024-02-25,Q1 2024,Feb,North America,USA,Software,Data Platform,Elena Rodriguez,Enterprise,Closed Won,23,2060.02,33547.73,19825.71,13722.02,16.7,3.0
2024-02-26,Q1 2024,Feb,Latin America,Colombia,Hardware,Server Rack,Pedro Morales,Enterprise,Negotiation,78,3876.08,201127.85,150591.8,50536.05,11.3,3.6
2024-02-26,Q1 2024,Feb,Asia Pacific,Japan,Software,Cloud Suite,Yuki Tanaka,SMB,Lead,37,1908.9,90991.73,57216.12,33775.61,0.9,3.4
2024-02-26,Q1 2024,Feb,Europe,France,Software,Cloud Suite,James Clarke,Education,Lead,23,1165.52,18207.29,10488.52,7718.77,15.1,2.7
2024-02-27,Q1 2024,Feb,Asia Pacific,Japan,Services,Implementation,Raj Patel,Education,Closed Won,121,776.33,71391.31,58826.19,12565.12,24.0,4.0
2024-02-27,Q1 2024,Feb,Asia Pacific,Australia,Hardware,Server Rack,Liam Zhang,Government,Lead,73,4019.16,240557.58,190552.17,50005.41,8.9,3.2
2024-02-27,Q1 2024,Feb,North America,Canada,Software,Data Platform,Mike Johnson,Enterprise,Qualified,18,2697.94,44124.27,27993.91,16130.36,17.4,3.9
2024-02-27,Q1 2024,Feb,North America,Canada,Subscriptions,Professional Plan,Sarah Chen,Enterprise,Lead,218,91.02,21901.0,14187.24,7713.76,11.7,4.2
2024-02-27,Q1 2024,Feb,North America,USA,Software,Cloud Suite,Sarah Chen,Enterprise,Qualified,36,972.05,37180.91,23949.12,13231.79,15.0,4.3
2024-02-27,Q1 2024,Feb,North America,USA,Services,Implementation,Elena Rodriguez,Enterprise,Negotiation,40,240.52,6730.23,5221.69,1508.54,17.7,3.8
2024-02-27,Q1 2024,Feb,Asia Pacific,Australia,Subscriptions,Enterprise Plan,Raj Patel,Enterprise,Lead,40,671.46,23339.95,13375.68,9964.27,13.1,3.8
2024-02-27,Q1 2024,Feb,North America,Canada,Hardware,Desktop Plus,Mike Johnson,Government,Closed Won,99,936.76,82732.68,65391.26,17341.42,18.9,3.9
2024-02-28,Q1 2024,Feb,Latin America,Brazil,Hardware,Server Rack,Ana Gutierrez,SMB,Lead,34,3245.35,114700.41,86723.39,27977.02,1.0,3.2
2024-02-28,Q1 2024,Feb,Asia Pacific,Japan,Subscriptions,Basic Plan,Yuki Tanaka,Government,Closed Won,176,60.22,11656.47,7170.16,4486.31,15.4,4.1
2024-02-29,Q1 2024,Feb,Europe,UK,Services,Implementation,Hans Mueller,Enterprise,Closed Won,167,744.87,112849.59,86679.58,26170.01,24.4,3.6
2024-03-01,Q1 2024,Mar,Latin America,Brazil,Software,Security Pro,Ana Gutierrez,Government,Closed Lost,24,1102.71,22341.79,12375.83,9965.96,19.6,3.0
2024-03-02,Q1 2024,Mar,Latin America,Colombia,Subscriptions,Professional Plan,Ana Gutierrez,SMB,Lead,376,164.76,64852.11,40098.16,24753.95,0.3,3.9
2024-03-02,Q1 2024,Mar,Latin America,Brazil,Services,Implementation,Pedro Morales,SMB,Qualified,52,604.33,22084.03,16623.41,5460.62,6.3,2.9
2024-03-03,Q1 2024,Mar,North America,Canada,Hardware,Server Rack,Mike Johnson,Enterprise,Qualified,59,3458.16,170570.28,126032.18,44538.1,24.0,3.4
2024-03-03,Q1 2024,Mar,Asia Pacific,Japan,Hardware,Server Rack,Raj Patel,SMB,Closed Lost,84,4983.83,404407.9,299826.77,104581.13,3.4,3.9
2024-03-03,Q1 2024,Mar,Europe,UK,Software,Security Pro,James Clarke,Education,Closed Won,21,1354.12,17858.13,11485.82,6372.31,21.5,3.0
2024-03-03,Q1 2024,Mar,Asia Pacific,Japan,Services,Consulting,Liam Zhang,Government,Closed Won,128,435.41,40578.82,34580.22,5998.6,19.1,3.8
2024-03-03,Q1 2024,Mar,Europe,Germany,Services,Support,Sophie Dupont,Enterprise,Negotiation,73,377.92,24912.11,19608.34,5303.77,14.0,3.9
2024-03-03,Q1 2024,Mar,North America,Canada,Subscriptions,Basic Plan,Elena Rodriguez,SMB,Lead,219,36.09,6241.16,3909.04,2332.12,7.1,3.0
2024-03-05,Q1 2024,Mar,Europe,UK,Subscriptions,Basic Plan,Hans Mueller,SMB,Lead,247,74.58,21840.25,12065.31,9774.94,1.2,4.1
2024-03-07,Q1 2024,Mar,Asia Pacific,India,Subscriptions,Professional Plan,Raj Patel,Enterprise,Qualified,245,223.27,48519.92,31375.29,17144.63,11.3,3.5
2024-03-07,Q1 2024,Mar,Europe,Germany,Services,Implementation,James Clarke,Enterprise,Closed Lost,68,370.58,17518.65,13657.69,3860.96,13.1,3.4
2024-03-07,Q1 2024,Mar,North America,Canada,Hardware,Networking Kit,Elena Rodriguez,Enterprise,Lead,20,600.14,8896.48,6296.47,2600.01,12.8,2.9
2024-03-08,Q1 2024,Mar,North America,Canada,Subscriptions,Basic Plan,Mike Johnson,SMB,Proposal,473,78.98,39572.84,25496.86,14075.98,3.7,3.4
2024-03-08,Q1 2024,Mar,Europe,Germany,Software,Data Platform,Sophie Dupont,Enterprise,Lead,50,2988.12,133658.61,79805.11,53853.5,14.8,3.7
2024-03-09,Q1 2024,Mar,Asia Pacific,Australia,Services,Support,Raj Patel,SMB,Closed Won,173,164.19,25791.62,19516.12,6275.5,9.2,3.5
2024-03-10,Q1 2024,Mar,Europe,Germany,Services,Support,Hans Mueller,Education,Negotiation,182,163.44,27628.16,21376.64,6251.52,22.6,3.9
2024-03-11,Q1 2024,Mar,North America,USA,Services,Support,Elena Rodriguez,SMB,Negotiation,51,275.19,11440.38,8013.19,3427.19,4.1,3.0
2024-03-12,Q1 2024,Mar,North America,USA,Services,Implementation,Elena Rodriguez,SMB,Negotiation,119,758.66,73131.75,56801.45,16330.3,4.7,3.5
2024-03-12,Q1 2024,Mar,North America,USA,Software,Cloud Suite,Sarah Chen,Education,Proposal,29,1864.18,56088.52,35339.04,20749.48,17.0,5.0
2024-03-12,Q1 2024,Mar,Europe,France,Subscriptions,Enterprise Plan,Sophie Dupont,Enterprise,Negotiation,150,282.54,34621.04,19792.49,14828.55,22.2,3.8
2024-03-12,Q1 2024,Mar,Asia Pacific,Australia,Software,Cloud Suite,Raj Patel,SMB,Lead,33,1968.74,62889.43,40039.21,22850.22,3.2,3.3
2024-03-12,Q1 2024,Mar,North America,USA,Hardware,Server Rack,Mike Johnson,SMB,Lead,84,4941.67,435606.23,319169.54,116436.69,4.6,3.3
2024-03-13,Q1 2024,Mar,North America,Canada,Services,Support,Mike Johnson,Enterprise,Negotiation,49,160.85,6987.87,5051.68,1936.19,19.4,3.6
2024-03-13,Q1 2024,Mar,Europe,France,Hardware,Server Rack,James Clarke,Government,Closed Lost,65,4126.94,201724.83,146670.6,55054.23,6.0,3.9
2024-03-13,Q1 2024,Mar,Europe,UK,Services,Implementation,James Clarke,SMB,Qualified,133,345.17,36689.36,30634.96,6054.4,0.1,3.3
2024-03-14,Q1 2024,Mar,Latin America,Brazil,Services,Consulting,Ana Gutierrez,Enterprise,Lead,29,348.76,8570.13,7520.39,1049.74,19.3,4.6
2024-03-14,Q1 2024,Mar,North America,USA,Services,Implementation,Elena Rodriguez,SMB,Closed Won,177,425.9,62026.2,51694.09,10332.11,3.2,3.4
2024-03-15,Q1 2024,Mar,Asia Pacific,Australia,Services,Training,Raj Patel,SMB,Closed Lost,101,201.26,19310.9,14829.27,4481.63,5.0,3.6
2024-03-15,Q1 2024,Mar,Asia Pacific,Australia,Subscriptions,Professional Plan,Yuki Tanaka,Enterprise,Closed Won,82,114.17,9566.03,5757.73,3808.3,21.4,4.2
2024-03-15,Q1 2024,Mar,Latin America,Brazil,Software,Security Pro,Ana Gutierrez,SMB,Qualified,4,541.75,2202.54,1239.5,963.04,3.2,4.1
2024-03-15,Q1 2024,Mar,North America,USA,Subscriptions,Basic Plan,Elena Rodriguez,Enterprise,Closed Won,209,26.67,3747.7,2435.67,1312.03,20.9,3.2
2024-03-16,Q1 2024,Mar,North America,USA,Hardware,Laptop Pro,Mike Johnson,Enterprise,Closed Lost,41,2717.5,93635.27,74254.5,19380.77,23.6,4.6
2024-03-16,Q1 2024,Mar,North America,USA,Services,Training,Mike Johnson,Enterprise,Lead,31,161.26,4415.67,3523.42,892.25,19.7,4.0
2024-03-16,Q1 2024,Mar,Asia Pacific,India,Hardware,Laptop Pro,Yuki Tanaka,Enterprise,Lead,16,2152.95,39765.85,28074.16,11691.69,11.2,4.7
2024-03-17,Q1 2024,Mar,Latin America,Mexico,Services,Training,Carlos Silva,Government,Qualified,48,115.06,5169.97,4176.79,993.18,18.6,3.6
2024-03-17,Q1 2024,Mar,Europe,France,Services,Support,James Clarke,SMB,Closed Won,61,203.1,9554.47,7638.63,1915.84,3.6,2.9
2024-03-19,Q1 2024,Mar,Europe,UK,Software,Cloud Suite,Hans Mueller,Enterprise,Lead,19,1593.48,27284.84,17724.96,9559.88,24.9,3.9
2024-03-19,Q1 2024,Mar,Europe,France,Hardware,Desktop Plus,Sophie Dupont,Government,Lead,2,1645.91,2879.19,2253.08,626.11,16.7,3.2
2024-03-20,Q1 2024,Mar,North America,Canada,Services,Support,Elena Rodriguez,Education,Closed Won,31,278.1,5657.17,4409.83,1247.34,22.8,3.2
2024-03-21,Q1 2024,Mar,Latin America,Brazil,Hardware,Server Rack,Carlos Silva,Education,Qualified,93,4264.75,370365.39,285074.1,85291.29,18.8,3.8
2024-03-21,Q1 2024,Mar,Europe,Germany,Subscriptions,Enterprise Plan,Sophie Dupont,Government,Negotiation,45,508.37,22723.38,14292.62,8430.76,5.4,3.1
2024-03-22,Q1 2024,Mar,North America,USA,Software,Data Platform,Elena Rodriguez,SMB,Closed Lost,3,2367.26,5541.52,3119.47,2422.05,8.2,3.3
2024-03-23,Q1 2024,Mar,North America,USA,Services,Support,Elena Rodriguez,Enterprise,Proposal,71,313.17,14533.95,10486.79,4047.16,23.1,3.7
2024-03-24,Q1 2024,Mar,Europe,France,Software,Data Platform,Hans Mueller,SMB,Closed Won,22,3260.75,83759.54,51351.1,32408.44,2.7,4.2
2024-03-24,Q1 2024,Mar,North America,Canada,Software,Cloud Suite,Sarah Chen,SMB,Closed Lost,49,1632.81,99709.58,60567.3,39142.28,0.3,3.8
2024-03-24,Q1 2024,Mar,North America,Canada,Hardware,Networking Kit,Sarah Chen,Government,Negotiation,21,824.18,19687.6,13894.44,5793.16,9.0,4.8
2024-03-24,Q1 2024,Mar,Europe,UK,Software,Data Platform,James Clarke,Enterprise,Closed Won,16,3337.17,35368.66,19525.77,15842.89,17.2,4.0
2024-03-24,Q1 2024,Mar,North America,USA,Subscriptions,Enterprise Plan,Mike Johnson,Enterprise,Closed Won,233,297.19,59793.29,34371.05,25422.24,21.5,3.6
2024-03-26,Q1 2024,Mar,Asia Pacific,Japan,Services,Support,Liam Zhang,SMB,Closed Won,36,267.29,8383.07,6606.65,1776.42,3.2,3.4
2024-03-26,Q1 2024,Mar,North America,Canada,Hardware,Networking Kit,Sarah Chen,SMB,Closed Won,73,925.83,83383.72,64220.71,19163.01,1.3,3.3
2024-03-26,Q1 2024,Mar,North America,USA,Hardware,Desktop Plus,Mike Johnson,Education,Closed Lost,99,932.89,81476.56,59032.44,22444.12,19.8,4.0
2024-03-26,Q1 2024,Mar,Latin America,Brazil,Subscriptions,Basic Plan,Pedro Morales,SMB,Closed Won,43,48.35,1404.92,813.51,591.41,9.9,2.9
2024-03-27,Q1 2024,Mar,Asia Pacific,India,Software,Security Pro,Yuki Tanaka,Government,Lead,48,1224.22,67071.59,38737.39,28334.2,12.2,4.6
2024-03-27,Q1 2024,Mar,North America,Canada,Services,Implementation,Elena Rodriguez,Enterprise,Closed Won,131,290.36,28678.12,23442.06,5236.06,11.3,3.1
2024-03-28,Q1 2024,Mar,North America,Canada,Software,Security Pro,Elena Rodriguez,Enterprise,Proposal,17,1727.68,19797.23,11024.96,8772.27,20.7,2.8
2024-03-28,Q1 2024,Mar,Asia Pacific,Japan,Software,Security Pro,Liam Zhang,Education,Lead,29,1387.24,29979.37,16850.14,13129.23,17.2,4.0
2024-03-28,Q1 2024,Mar,Asia Pacific,India,Software,Security Pro,Raj Patel,Enterprise,Closed Won,28,1143.31,25129.95,14659.08,10470.87,21.5,3.7
2024-03-29,Q1 2024,Mar,North America,Canada,Services,Consulting,Elena Rodriguez,Enterprise,Proposal,30,214.88,4547.94,3679.02,868.92,17.0,3.6
2024-03-29,Q1 2024,Mar,Europe,Germany,Software,Cloud Suite,Hans Mueller,Enterprise,Closed Lost,41,1676.78,62698.16,40610.81,22087.35,24.0,4.7
2024-03-31,Q1 2024,Mar,Europe,UK,Subscriptions,Professional Plan,Hans Mueller,Education,Closed Won,439,112.69,49154.3,30259.75,18894.55,17.2,4.2
2024-03-31,Q1 2024,Mar,Europe,UK,Hardware,Laptop Pro,Hans Mueller,Enterprise,Lead,1,2829.71,2740.29,1956.14,784.15,19.3,3.9
2024-03-31,Q1 2024,Mar,North America,Canada,Hardware,Desktop Plus,Sarah Chen,Enterprise,Closed Won,32,932.83,32350.54,23261.06,9089.48,13.3,4.7
2024-04-01,Q2 2024,Apr,North America,USA,Services,Consulting,Mike Johnson,Education,Qualified,76,208.94,13694.43,11353.89,2340.54,21.6,3.8
2024-04-01,Q2 2024,Apr,North America,Canada,Subscriptions,Enterprise Plan,Elena Rodriguez,SMB,Negotiation,12,705.81,7026.48,4072.82,2953.66,2.4,2.9
2024-04-01,Q2 2024,Apr,Europe,Germany,Services,Consulting,Sophie Dupont,SMB,Lead,32,281.35,8536.38,6805.99,1730.39,9.7,3.9
2024-04-01,Q2 2024,Apr,North America,Canada,Services,Training,Elena Rodriguez,Enterprise,Lead,131,106.73,10446.37,7606.98,2839.39,12.1,3.4
2024-04-02,Q2 2024,Apr,Europe,UK,Subscriptions,Professional Plan,James Clarke,SMB,Qualified,489,147.14,54395.3,31847.97,22547.33,5.5,2.7
2024-04-02,Q2 2024,Apr,North America,Canada,Services,Training,Elena Rodriguez,SMB,Proposal,39,156.61,4833.4,3708.08,1125.32,6.9,3.4
2024-04-04,Q2 2024,Apr,North America,USA,Services,Consulting,Mike Johnson,SMB,Lead,178,219.23,39577.07,34276.24,5300.83,7.8,3.3
2024-04-04,Q2 2024,Apr,North America,Canada,Subscriptions,Basic Plan,Mike Johnson,SMB,Proposal,139,71.23,10074.24,6075.88,3998.36,7.5,4.4
2024-04-04,Q2 2024,Apr,Asia Pacific,Australia,Subscriptions,Enterprise Plan,Liam Zhang,SMB,Closed Won,256,722.72,153193.51,84282.85,68910.66,8.0,2.6
2024-04-04,Q2 2024,Apr,Europe,UK,Services,Implementation,Hans Mueller,SMB,Negotiation,111,633.9,77342.9,61171.58,16171.32,8.4,3.8
2024-04-04,Q2 2024,Apr,North America,Canada,Services,Implementation,Elena Rodriguez,SMB,Closed Won,86,774.62,51641.75,39524.42,12117.33,8.8,3.4
2024-04-05,Q2 2024,Apr,Europe,UK,Hardware,Laptop Pro,Hans Mueller,Enterprise,Closed Won,53,2549.97,136716.13,103886.32,32829.81,15.7,4.9
2024-04-05,Q2 2024,Apr,Latin America,Brazil,Software,Security Pro,Carlos Silva,Enterprise,Lead,36,814.13,27469.56,16729.5,10740.06,18.5,3.4
2024-04-05,Q2 2024,Apr,Asia Pacific,India,Services,Consulting,Yuki Tanaka,Enterprise,Negotiation,147,276.99,44622.34,35896.53,8725.81,15.7,4.6
2024-04-08,Q2 2024,Apr,Asia Pacific,India,Subscriptions,Enterprise Plan,Yuki Tanaka,Enterprise,Negotiation,185,703.57,144334.92,81460.78,62874.14,14.7,4.7
2024-04-08,Q2 2024,Apr,Europe,UK,Subscriptions,Enterprise Plan,Hans Mueller,SMB,Closed Lost,196,537.09,114828.12,72269.06,42559.06,9.1,4.1
2024-04-08,Q2 2024,Apr,North America,USA,Subscriptions,Basic Plan,Mike Johnson,Government,Closed Won,290,59.93,17014.73,9621.0,7393.73,11.0,3.7
2024-04-08,Q2 2024,Apr,Asia Pacific,Australia,Services,Training,Liam Zhang,SMB,Negotiation,10,134.94,1105.16,836.85,268.31,9.0,3.7
2024-04-09,Q2 2024,Apr,Latin America,Mexico,Software,Cloud Suite,Ana Gutierrez,SMB,Lead,23,1703.69,38634.32,21856.77,16777.55,6.1,3.9
2024-04-10,Q2 2024,Apr,North America,USA,Subscriptions,Professional Plan,Sarah Chen,Enterprise,Proposal,349,106.64,41218.23,25308.7,15909.53,11.4,3.7
2024-04-10,Q2 2024,Apr,Asia Pacific,Japan,Software,Data Platform,Liam Zhang,Enterprise,Qualified,37,2471.33,65095.57,38111.21,26984.36,20.9,3.8
2024-04-11,Q2 2024,Apr,North America,USA,Services,Training,Sarah Chen,SMB,Closed Lost,94,237.91,27591.02,21010.86,6580.16,1.3,4.2
2024-04-11,Q2 2024,Apr,North America,Canada,Software,Cloud Suite,Elena Rodriguez,SMB,Lead,16,2498.66,32962.32,19076.43,13885.89,3.0,3.4
2024-04-12,Q2 2024,Apr,North America,Canada,Software,Cloud Suite,Mike Johnson,Enterprise,Closed Won,2,2043.33,3501.86,1969.91,1531.95,22.1,3.7
2024-04-12,Q2 2024,Apr,Europe,UK,Subscriptions,Enterprise Plan,Sophie Dupont,Education,Negotiation,456,493.18,183948.84,116592.73,67356.11,22.1,3.5
2024-04-13,Q2 2024,Apr,Europe,Germany,Hardware,Desktop Plus,Hans Mueller,Enterprise,Lead,66,1097.95,72348.76,53495.19,18853.57,16.8,4.0
2024-04-13,Q2 2024,Apr,North America,Canada,Hardware,Laptop Pro,Sarah Chen,Government,Proposal,10,1490.29,16300.05,11658.3,4641.75,12.5,4.3
2024-04-13,Q2 2024,Apr,Europe,UK,Subscriptions,Basic Plan,Hans Mueller,Enterprise,Lead,12,69.01,758.23,447.81,310.42,23.7,4.1
2024-04-13,Q2 2024,Apr,North America,Canada,Hardware,Server Rack,Mike Johnson,Government,Closed Lost,55,3734.58,211707.74,164066.0,47641.74,6.3,3.7
2024-04-14,Q2 2024,Apr,North America,USA,Software,Security Pro,Sarah Chen,Government,Closed Won,1,1567.39,1743.72,1096.14,647.58,11.0,4.5
2024-04-15,Q2 2024,Apr,Europe,UK,Subscriptions,Enterprise Plan,Sophie Dupont,Enterprise,Qualified,152,393.31,47769.7,28800.4,18969.3,23.9,4.5
2024-04-15,Q2 2024,Apr,North America,USA,Subscriptions,Professional Plan,Mike Johnson,Government,Closed Won,49,173.41,7626.99,4922.68,2704.31,18.4,3.9
2024-04-15,Q2 2024,Apr,Europe,Germany,Software,Security Pro,Sophie Dupont,Government,Closed Lost,40,1327.51,44660.09,24711.69,19948.4,19.9,4.3
2024-04-16,Q2 2024,Apr,Asia Pacific,Japan,Hardware,Laptop Pro,Liam Zhang,SMB,Proposal,19,1424.96,22880.44,17909.28,4971.16,6.1,3.4
2024-04-16,Q2 2024,Apr,North America,Canada,Services,Training,Mike Johnson,SMB,Lead,176,59.83,11536.76,8408.93,3127.83,0.4,4.0
2024-04-16,Q2 2024,Apr,North America,USA,Hardware,Desktop Plus,Sarah Chen,Enterprise,Closed Lost,69,1899.62,135661.36,99417.54,36243.82,17.2,4.5
2024-04-17,Q2 2024,Apr,North America,USA,Software,Data Platform,Mike Johnson,Enterprise,Proposal,40,3476.47,126042.9,75604.61,50438.29,17.6,4.2
2024-04-17,Q2 2024,Apr,North America,Canada,Hardware,Laptop Pro,Mike Johnson,Enterprise,Negotiation,27,2920.93,75473.91,54406.84,21067.07,13.0,4.1
2024-04-17,Q2 2024,Apr,Europe,France,Hardware,Laptop Pro,James Clarke,SMB,Closed Lost,40,2391.26,76367.28,58841.05,17526.23,0.2,3.1
2024-04-17,Q2 2024,Apr,Asia Pacific,Japan,Subscriptions,Enterprise Plan,Raj Patel,SMB,Closed Won,281,595.97,156414.71,97979.36,58435.35,6.6,2.4
2024-04-17,Q2 2024,Apr,North America,Canada,Software,Cloud Suite,Mike Johnson,Enterprise,Closed Won,28,1155.61,26801.37,16205.29,10596.08,24.7,3.8
2024-04-17,Q2 2024,Apr,North America,Canada,Software,Cloud Suite,Sarah Chen,SMB,Closed Won,5,1908.84,10951.97,6207.58,4744.39,8.2,3.9
2024-04-17,Q2 2024,Apr,Latin America,Colombia,Hardware,Server Rack,Carlos Silva,SMB,Lead,12,3297.84,45373.66,35038.5,10335.16,0.3,3.1
2024-04-18,Q2 2024,Apr,Asia Pacific,India,Software,Data Platform,Liam Zhang,SMB,Proposal,14,2731.3,32246.27,19026.67,13219.6,6.3,3.3
2024-04-18,Q2 2024,Apr,Europe,France,Hardware,Networking Kit,James Clarke,Education,Lead,28,1067.66,19586.86,14066.86,5520.0,18.1,4.0
2024-04-18,Q2 2024,Apr,Europe,Germany,Subscriptions,Enterprise Plan,Sophie Dupont,SMB,Closed Lost,122,276.71,33816.01,21005.01,12811.0,4.6,3.6
2024-04-18,Q2 2024,Apr,Europe,France,Software,Cloud Suite,James Clarke,Enterprise,Qualified,10,2238.19,14145.36,8530.62,5614.74,21.0,3.7
2024-04-18,Q2 2024,Apr,Asia Pacific,Australia,Hardware,Desktop Plus,Liam Zhang,SMB,Proposal,47,872.63,35251.2,25011.48,10239.72,4.5,2.9
2024-04-19,Q2 2024,Apr,Europe,UK,Subscriptions,Enterprise Plan,Hans Mueller,SMB,Lead,300,276.59,95689.08,54281.41,41407.67,3.9,4.4
2024-04-19,Q2 2024,Apr,North America,USA,Services,Consulting,Mike Johnson,SMB,Lead,108,276.67,32408.24,26697.64,5710.6,1.4,3.4
2024-04-19,Q2 2024,Apr,North America,Canada,Hardware,Networking Kit,Mike Johnson,Education,Negotiation,64,1257.21,69035.92,51518.69,17517.23,22.0,3.9
2024-04-19,Q2 2024,Apr,North America,Canada,Software,Security Pro,Elena Rodriguez,Enterprise,Closed Won,6,733.34,3134.15,1864.78,1269.37,16.2,3.3
2024-04-20,Q2 2024,Apr,Asia Pacific,India,Hardware,Server Rack,Liam Zhang,Education,Negotiation,32,3252.05,78298.96,60236.14,18062.82,16.4,3.9
2024-04-20,Q2 2024,Apr,North America,Canada,Software,Cloud Suite,Sarah Chen,Enterprise,Closed Won,34,1261.98,41673.73,24456.25,17217.48,22.3,4.8
2024-04-20,Q2 2024,Apr,North America,Canada,Hardware,Server Rack,Mike Johnson,SMB,Lead,88,3800.05,338785.1,257188.29,81596.81,7.9,3.4
2024-04-20,Q2 2024,Apr,Europe,France,Software,Data Platform,James Clarke,SMB,Closed Lost,20,2743.47,39813.24,25767.87,14045.37,9.3,3.0
2024-04-20,Q2 2024,Apr,North America,Canada,Subscriptions,Basic Plan,Mike Johnson,SMB,Lead,337,55.07,19822.43,12642.6,7179.83,2.9,4.0
2024-04-21,Q2 2024,Apr,North America,Canada,Software,Cloud Suite,Elena Rodriguez,Education,Closed Won,46,1208.81,38189.69,21810.98,16378.71,19.2,3.6
2024-04-21,Q2 2024,Apr,Latin America,Mexico,Services,Implementation,Ana Gutierrez,SMB,Proposal,50,232.98,11179.55,8402.2,2777.35,8.6,3.5
2024-04-21,Q2 2024,Apr,Europe,UK,Subscriptions,Professional Plan,Sophie Dupont,Education,Qualified,465,135.97,53441.82,32428.14,21013.68,19.5,3.7
2024-04-21,Q2 2024,Apr,Asia Pacific,Japan,Services,Consulting,Liam Zhang,Government,Closed Lost,5,414.78,1640.66,1359.46,281.2,12.1,3.8
2024-04-22,Q2 2024,Apr,Asia Pacific,India,Services,Implementation,Yuki Tanaka,SMB,Lead,94,568.58,69341.52,57671.42,11670.1,0.2,4.1
2024-04-22,Q2 2024,Apr,North America,USA,Services,Training,Mike Johnson,Enterprise,Lead,32,200.18,6130.31,4435.51,1694.8,13.0,3.9
2024-04-24,Q2 2024,Apr,North America,Canada,Services,Training,Sarah Chen,SMB,Closed Won,200,158.41,38335.22,28802.49,9532.73,3.2,4.1
2024-04-24,Q2 2024,Apr,North America,USA,Services,Consulting,Sarah Chen,Enterprise,Closed Won,107,450.13,52859.89,43012.2,9847.69,12.2,4.2
2024-04-25,Q2 2024,Apr,Latin America,Colombia,Subscriptions,Basic Plan,Ana Gutierrez,Enterprise,Qualified,17,61.07,823.03,480.87,342.16,24.5,4.3
2024-04-25,Q2 2024,Apr,Europe,France,Services,Training,Hans Mueller,Enterprise,Closed Lost,132,117.02,16052.15,12796.45,3255.7,13.4,3.8
2024-04-25,Q2 2024,Apr,North America,USA,Hardware,Desktop Plus,Mike Johnson,Government,Proposal,55,1382.35,71170.98,54617.63,16553.35,14.9,3.7
2024-04-25,Q2 2024,Apr,North America,Canada,Hardware,Desktop Plus,Mike Johnson,Enterprise,Lead,16,886.13,12913.4,9476.75,3436.65,17.2,3.4
2024-04-26,Q2 2024,Apr,North America,USA,Software,Security Pro,Mike Johnson,Enterprise,Lead,20,978.52,17351.12,11125.89,6225.23,19.4,3.8
2024-04-26,Q2 2024,Apr,Asia Pacific,Australia,Subscriptions,Basic Plan,Liam Zhang,SMB,Qualified,79,60.45,3945.56,2200.39,1745.17,8.2,3.8
2024-04-26,Q2 2024,Apr,Asia Pacific,Japan,Subscriptions,Enterprise Plan,Raj Patel,Education,Proposal,141,620.77,70110.38,42506.38,27604.0,19.9,3.3
2024-04-26,Q2 2024,Apr,Latin America,Brazil,Software,Data Platform,Ana Gutierrez,SMB,Closed Won,6,1935.77,12183.16,7458.05,4725.11,0.1,3.4
2024-04-27,Q2 2024,Apr,Asia Pacific,Japan,Software,Data Platform,Raj Patel,SMB,Qualified,28,1886.39,50811.8,30664.02,20147.78,3.8,3.8
2024-04-27,Q2 2024,Apr,Europe,Germany,Hardware,Server Rack,Sophie Dupont,Education,Lead,13,3654.32,37610.63,27513.03,10097.6,24.6,3.8
2024-04-27,Q2 2024,Apr,North America,USA,Services,Support,Elena Rodriguez,Enterprise,Closed Lost,90,108.14,6841.53,5339.54,1501.99,17.3,3.3
2024-04-28,Q2 2024,Apr,Asia Pacific,Australia,Software,Security Pro,Liam Zhang,Enterprise,Lead,45,1712.94,60147.32,37814.57,22332.75,13.3,3.7
2024-04-28,Q2 2024,Apr,North America,Canada,Software,Cloud Suite,Mike Johnson,Enterprise,Proposal,47,1780.48,79623.96,46030.71,33593.25,13.5,3.9
2024-04-29,Q2 2024,Apr,North America,USA,Services,Consulting,Sarah Chen,SMB,Closed Lost,163,179.36,34278.83,29205.51,5073.32,6.2,4.6
2024-04-29,Q2 2024,Apr,North America,Canada,Software,Data Platform,Sarah Chen,Enterprise,Qualified,36,2100.04,74939.93,42709.95,32229.98,20.7,4.7
2024-04-29,Q2 2024,Apr,Asia Pacific,Japan,Services,Implementation,Raj Patel,Education,Closed Won,194,253.95,38427.71,32614.58,5813.13,22.0,3.2
2024-04-30,Q2 2024,Apr,North America,Canada,Software,Cloud Suite,Elena Rodriguez,Enterprise,Lead,6,2081.44,8948.73,5312.81,3635.92,15.7,2.6
2024-04-30,Q2 2024,Apr,Europe,France,Subscriptions,Professional Plan,Hans Mueller,Government,Closed Lost,279,249.84,71434.05,44636.22,26797.83,14.6,4.0
2024-05-01,Q2 2024,May,Europe,France,Hardware,Laptop Pro,Hans Mueller,SMB,Proposal,86,2807.63,270913.83,193010.13,77903.7,6.5,3.6
2024-05-02,Q2 2024,May,Latin America,Mexico,Services,Consulting,Ana Gutierrez,Government,Closed Won,130,202.56,22506.64,18280.5,4226.14,18.6,3.5
2024-05-02,Q2 2024,May,North America,USA,Hardware,Laptop Pro,Mike Johnson,Education,Lead,47,1601.43,65821.18,50136.56,15684.62,20.5,3.8
2024-05-02,Q2 2024,May,North America,USA,Hardware,Laptop Pro,Sarah Chen,Government,Lead,36,2563.48,102667.37,80685.61,21981.76,11.0,3.7
2024-05-02,Q2 2024,May,Europe,UK,Services,Support,James Clarke,SMB,Closed Won,68,209.76,10692.05,8283.44,2408.61,6.3,2.6
2024-05-03,Q2 2024,May,Asia Pacific,Australia,Software,Data Platform,Liam Zhang,Education,Lead,29,2271.78,47197.59,26806.22,20391.37,20.4,4.1
2024-05-03,Q2 2024,May,North America,Canada,Subscriptions,Professional Plan,Elena Rodriguez,SMB,Closed Won,70,217.89,12108.8,7706.35,4402.45,6.6,2.6
2024-05-04,Q2 2024,May,North America,USA,Services,Support,Mike Johnson,Government,Lead,54,332.15,17815.93,12613.17,5202.76,9.7,3.5
2024-05-05,Q2 2024,May,Asia Pacific,India,Services,Implementation,Yuki Tanaka,Enterprise,Proposal,112,297.92,37651.37,31425.22,6226.15,13.2,5.0
2024-05-05,Q2 2024,May,Europe,Germany,Hardware,Desktop Plus,Hans Mueller,Education,Proposal,81,1965.63,151892.09,110439.53,41452.56,20.5,4.6
2024-05-07,Q2 2024,May,Asia Pacific,Australia,Hardware,Server Rack,Liam Zhang,SMB,Closed Won,62,3084.2,166763.31,128148.1,38615.21,3.1,3.1
2024-05-07,Q2 2024,May,North America,USA,Software,Data Platform,Sarah Chen,Government,Proposal,42,1651.08,71078.99,39497.04,31581.95,18.0,4.3
2024-05-07,Q2 2024,May,North America,USA,Services,Support,Sarah Chen,Government,Proposal,169,325.21,60044.34,47587.32,12457.02,12.6,3.9
2024-05-08,Q2 2024,May,Europe,France,Services,Implementation,Sophie Dupont,Enterprise,Closed Won,52,511.59,22821.11,17622.23,5198.88,18.3,3.7
2024-05-08,Q2 2024,May,North America,Canada,Software,Security Pro,Sarah Chen,SMB,Closed Won,29,1476.84,50162.72,32142.39,18020.33,6.3,4.1
2024-05-08,Q2 2024,May,North America,USA,Subscriptions,Enterprise Plan,Sarah Chen,SMB,Proposal,396,756.52,370732.63,229204.36,141528.27,1.0,4.0
2024-05-09,Q2 2024,May,North America,USA,Hardware,Desktop Plus,Sarah Chen,SMB,Qualified,99,1193.51,146367.59,102826.23,43541.36,0.9,3.5
2024-05-10,Q2 2024,May,North America,Canada,Software,Data Platform,Elena Rodriguez,Enterprise,Negotiation,8,1806.71,10737.64,6904.05,3833.59,12.6,3.4
2024-05-11,Q2 2024,May,Latin America,Brazil,Hardware,Desktop Plus,Ana Gutierrez,SMB,Closed Won,90,1473.1,136702.21,107270.93,29431.28,1.8,3.1
2024-05-11,Q2 2024,May,Asia Pacific,Australia,Software,Cloud Suite,Raj Patel,SMB,Lead,4,1436.9,5695.87,3469.93,2225.94,0.9,3.0
2024-05-11,Q2 2024,May,North America,Canada,Hardware,Server Rack,Elena Rodriguez,Enterprise,Lead,24,4098.82,73665.63,51819.79,21845.84,11.9,3.0
2024-05-11,Q2 2024,May,North America,Canada,Subscriptions,Professional Plan,Mike Johnson,Enterprise,Lead,57,97.81,4752.83,2872.46,1880.37,22.5,4.3
2024-05-12,Q2 2024,May,Europe,France,Subscriptions,Enterprise Plan,Sophie Dupont,SMB,Closed Won,272,415.6,118101.88,69085.32,49016.56,0.5,3.0
2024-05-12,Q2 2024,May,North America,Canada,Software,Security Pro,Sarah Chen,Education,Lead,31,1231.91,38046.0,22848.56,15197.44,20.3,4.3
2024-05-13,Q2 2024,May,Asia Pacific,Japan,Hardware,Desktop Plus,Yuki Tanaka,Government,Lead,29,1009.1,31423.58,23726.85,7696.73,17.4,4.1
2024-05-14,Q2 2024,May,North America,USA,Subscriptions,Basic Plan,Sarah Chen,Enterprise,Lead,334,32.28,11967.49,7628.84,4338.65,11.2,3.9
2024-05-14,Q2 2024,May,Asia Pacific,Australia,Software,Cloud Suite,Raj Patel,SMB,Closed Won,44,2152.78,89986.2,51017.25,38968.95,5.0,2.8
2024-05-14,Q2 2024,May,North America,Canada,Hardware,Laptop Pro,Mike Johnson,Government,Lead,33,1498.36,51290.21,40382.01,10908.2,5.7,3.4
2024-05-15,Q2 2024,May,North America,USA,Hardware,Server Rack,Elena Rodriguez,SMB,Closed Won,25,4341.88,89497.0,65626.96,23870.04,3.0,3.3
2024-05-15,Q2 2024,May,North America,USA,Subscriptions,Basic Plan,Elena Rodriguez,SMB,Proposal,388,52.67,15650.88,9801.84,5849.04,9.9,3.1
2024-05-15,Q2 2024,May,Asia Pacific,Australia,Subscriptions,Professional Plan,Raj Patel,SMB,Closed Won,330,213.1,66314.59,37166.78,29147.81,5.7,3.3
2024-05-15,Q2 2024,May,North America,Canada,Services,Consulting,Sarah Chen,SMB,Closed Won,133,182.91,27519.95,23525.47,3994.48,9.5,4.0
2024-05-15,Q2 2024,May,Asia Pacific,India,Subscriptions,Basic Plan,Raj Patel,SMB,Proposal,271,46.46,11407.14,7073.36,4333.78,9.4,4.1
2024-05-16,Q2 2024,May,North America,USA,Hardware,Server Rack,Mike Johnson,SMB,Closed Won,47,4143.9,209740.6,165696.99,44043.61,2.1,3.3
2024-05-17,Q2 2024,May,Latin America,Brazil,Subscriptions,Professional Plan,Carlos Silva,SMB,Closed Won,16,135.21,2482.89,1403.71,1079.18,0.2,4.0
2024-05-18,Q2 2024,May,Europe,Germany,Subscriptions,Basic Plan,Hans Mueller,Government,Negotiation,270,30.12,8031.56,4557.89,3473.67,17.7,3.9
2024-05-18,Q2 2024,May,Asia Pacific,Australia,Software,Cloud Suite,Liam Zhang,Enterprise,Lead,37,1650.86,43319.23,27028.72,16290.51,21.2,2.9
2024-05-18,Q2 2024,May,Europe,UK,Services,Consulting,Sophie Dupont,Enterprise,Closed Won,126,388.91,45741.53,37722.3,8019.23,11.1,3.8
2024-05-19,Q2 2024,May,Europe,UK,Hardware,Laptop Pro,Sophie Dupont,Education,Proposal,7,1878.97,11200.26,7987.03,3213.23,18.9,4.1
2024-05-19,Q2 2024,May,North America,USA,Subscriptions,Enterprise Plan,Elena Rodriguez,Government,Closed Lost,71,747.37,38518.63,21885.3,16633.33,14.6,3.2
2024-05-19,Q2 2024,May,North America,Canada,Services,Consulting,Elena Rodriguez,SMB,Closed Won,171,457.46,66292.34,53445.96,12846.38,0.3,2.5
2024-05-19,Q2 2024,May,Latin America,Colombia,Hardware,Laptop Pro,Ana Gutierrez,Education,Lead,1,2261.56,2013.69,1445.92,567.77,15.2,2.9
2024-05-20,Q2 2024,May,Asia Pacific,Japan,Software,Cloud Suite,Yuki Tanaka,Education,Proposal,37,1431.11,54311.91,34242.02,20069.89,21.1,5.0
2024-05-21,Q2 2024,May,North America,USA,Subscriptions,Basic Plan,Mike Johnson,Enterprise,Lead,463,38.59,15742.76,8904.37,6838.39,19.9,3.8
2024-05-23,Q2 2024,May,North America,Canada,Subscriptions,Basic Plan,Sarah Chen,Government,Proposal,158,34.44,6142.12,3963.87,2178.25,9.7,3.9
2024-05-24,Q2 2024,May,Asia Pacific,India,Subscriptions,Basic Plan,Raj Patel,Enterprise,Proposal,216,65.07,11651.69,6693.39,4958.3,17.1,3.6
2024-05-25,Q2 2024,May,North America,Canada,Services,Consulting,Mike Johnson,Enterprise,Closed Won,125,330.4,39342.38,31207.53,8134.85,13.4,4.1
2024-05-26,Q2 2024,May,North America,USA,Services,Consulting,Elena Rodriguez,Education,Proposal,155,186.95,19630.64,16991.51,2639.13,20.3,4.2
2024-05-26,Q2 2024,May,Europe,France,Hardware,Networking Kit,James Clarke,SMB,Lead,3,1139.1,2605.35,2034.62,570.73,4.7,3.7
2024-05-26,Q2 2024,May,Latin America,Brazil,Hardware,Laptop Pro,Carlos Silva,SMB,Qualified,6,2480.71,16432.22,12754.74,3677.48,4.0,3.4
2024-05-27,Q2 2024,May,Europe,Germany,Hardware,Desktop Plus,James Clarke,Enterprise,Closed Won,74,1074.24,56853.94,43855.47,12998.47,10.6,3.6
2024-05-27,Q2 2024,May,Asia Pacific,Japan,Hardware,Networking Kit,Yuki Tanaka,Enterprise,Qualified,87,1394.6,124448.39,93076.86,31371.53,21.1,4.5
2024-05-28,Q2 2024,May,Europe,France,Subscriptions,Enterprise Plan,James Clarke,SMB,Qualified,237,695.09,123618.14,71241.7,52376.44,6.2,3.1
2024-05-28,Q2 2024,May,Europe,Germany,Software,Cloud Suite,Hans Mueller,SMB,Lead,28,1037.64,33330.66,19712.93,13617.73,4.4,3.8
2024-05-28,Q2 2024,May,North America,USA,Software,Security Pro,Sarah Chen,SMB,Closed Won,50,617.9,37189.86,21748.8,15441.06,3.7,4.1
2024-05-29,Q2 2024,May,Europe,Germany,Software,Data Platform,Sophie Dupont,Enterprise,Qualified,29,2361.81,59403.54,32780.89,26622.65,17.4,3.6
2024-05-29,Q2 2024,May,Europe,Germany,Software,Cloud Suite,Sophie Dupont,SMB,Qualified,9,1706.34,15367.04,9771.46,5595.58,4.7,4.2
2024-05-29,Q2 2024,May,North America,Canada,Services,Consulting,Elena Rodriguez,SMB,Lead,114,269.9,25761.01,20498.32,5262.69,1.5,3.3
2024-05-30,Q2 2024,May,Europe,UK,Software,Data Platform,James Clarke,Enterprise,Closed Won,41,2527.67,65248.26,40825.7,24422.56,21.3,3.6
2024-05-30,Q2 2024,May,Asia Pacific,Japan,Software,Security Pro,Raj Patel,Education,Closed Lost,17,1613.74,23236.24,13642.5,9593.74,15.3,3.6
2024-05-31,Q2 2024,May,North America,Canada,Services,Training,Mike Johnson,Enterprise,Negotiation,180,239.59,38947.27,31846.78,7100.49,17.9,4.0
2024-05-31,Q2 2024,May,North America,Canada,Services,Training,Elena Rodriguez,SMB,Proposal,55,128.35,5466.33,4229.01,1237.32,8.9,3.0
2024-06-01,Q2 2024,Jun,Europe,Germany,Software,Cloud Suite,Hans Mueller,Enterprise,Closed Won,24,2434.88,59956.49,35709.66,24246.83,14.5,4.0
2024-06-01,Q2 2024,Jun,Europe,UK,Hardware,Networking Kit,Sophie Dupont,SMB,Closed Lost,76,1147.06,91077.71,72460.16,18617.55,0.5,3.0
2024-06-02,Q2 2024,Jun,North America,USA,Subscriptions,Professional Plan,Mike Johnson,Enterprise,Lead,463,220.3,93237.19,59509.67,33727.52,16.9,3.8
2024-06-03,Q2 2024,Jun,Europe,France,Hardware,Laptop Pro,Sophie Dupont,Enterprise,Lead,70,1725.18,100299.38,76635.82,23663.56,20.9,3.1
2024-06-03,Q2 2024,Jun,Europe,UK,Subscriptions,Basic Plan,Sophie Dupont,Enterprise,Lead,376,69.17,21027.4,12071.19,8956.21,23.0,4.1
2024-06-04,Q2 2024,Jun,Europe,UK,Hardware,Networking Kit,Sophie Dupont,Government,Closed Won,93,679.17,53123.08,39674.49,13448.59,19.9,3.9
2024-06-05,Q2 2024,Jun,Europe,Germany,Services,Support,James Clarke,Enterprise,Closed Won,124,284.4,24488.43,17735.04,6753.39,13.2,3.5
2024-06-05,Q2 2024,Jun,North America,Canada,Software,Data Platform,Sarah Chen,Enterprise,Closed Won,12,1753.13,22562.78,12819.71,9743.07,14.2,3.6
2024-06-05,Q2 2024,Jun,Europe,France,Hardware,Laptop Pro,Hans Mueller,SMB,Closed Won,47,1479.92,78793.31,61566.56,17226.75,5.6,3.7
2024-06-06,Q2 2024,Jun,North America,Canada,Software,Data Platform,Sarah Chen,Enterprise,Closed Won,24,2183.59,57515.76,36671.42,20844.34,12.2,4.6
2024-06-06,Q2 2024,Jun,North America,USA,Hardware,Desktop Plus,Sarah Chen,Enterprise,Lead,98,1701.04,185455.89,142405.53,43050.36,11.0,4.7
2024-06-08,Q2 2024,Jun,North America,Canada,Services,Support,Sarah Chen,SMB,Qualified,164,167.95,31193.35,22837.71,8355.64,9.4,4.7
2024-06-08,Q2 2024,Jun,Asia Pacific,India,Hardware,Desktop Plus,Raj Patel,SMB,Closed Lost,38,1022.34,35430.22,27794.18,7636.04,8.8,4.0
2024-06-08,Q2 2024,Jun,Europe,France,Hardware,Networking Kit,James Clarke,Education,Negotiation,2,801.32,1018.0,745.11,272.89,20.6,3.5
2024-06-09,Q2 2024,Jun,Asia Pacific,India,Hardware,Laptop Pro,Yuki Tanaka,Government,Lead,41,2219.74,100447.01,73876.7,26570.31,15.1,3.7
2024-06-09,Q2 2024,Jun,Asia Pacific,Australia,Services,Consulting,Yuki Tanaka,SMB,Negotiation,181,206.18,45554.79,38671.96,6882.83,6.1,4.1
2024-06-09,Q2 2024,Jun,North America,Canada,Software,Data Platform,Elena Rodriguez,Education,Closed Won,4,2987.12,7718.72,4646.13,3072.59,24.0,3.3
2024-06-11,Q2 2024,Jun,Latin America,Mexico,Software,Security Pro,Pedro Morales,SMB,Lead,22,1294.97,19529.44,10746.65,8782.79,8.6,2.8
2024-06-11,Q2 2024,Jun,Latin America,Colombia,Services,Implementation,Pedro Morales,SMB,Closed Won,16,239.82,2814.53,2114.55,699.98,2.2,3.0
2024-06-12,Q2 2024,Jun,Latin America,Colombia,Subscriptions,Enterprise Plan,Pedro Morales,Enterprise,Lead,100,328.05,19978.25,11743.72,8234.53,18.8,3.5
2024-06-12,Q2 2024,Jun,Latin America,Colombia,Subscriptions,Professional Plan,Pedro Morales,Enterprise,Proposal,487,115.69,36762.52,23094.34,13668.18,13.0,2.9
2024-06-12,Q2 2024,Jun,Asia Pacific,Australia,Hardware,Networking Kit,Yuki Tanaka,SMB,Qualified,81,1440.09,142088.06,107186.31,34901.75,6.3,3.7
2024-06-13,Q2 2024,Jun,North America,Canada,Subscriptions,Professional Plan,Sarah Chen,Government,Lead,93,232.37,25554.31,15388.8,10165.51,5.4,3.9
2024-06-13,Q2 2024,Jun,North America,Canada,Hardware,Desktop Plus,Sarah Chen,Education,Proposal,38,1518.16,55021.91,40857.95,14163.96,23.7,4.5
2024-06-13,Q2 2024,Jun,North America,USA,Services,Consulting,Elena Rodriguez,SMB,Closed Won,106,170.8,14311.84,12312.33,1999.51,7.0,3.3
2024-06-13,Q2 2024,Jun,Asia Pacific,Australia,Hardware,Desktop Plus,Liam Zhang,Enterprise,Lead,45,1409.9,43396.72,32213.96,11182.76,24.0,3.5
2024-06-13,Q2 2024,Jun,North America,Canada,Subscriptions,Enterprise Plan,Sarah Chen,SMB,Closed Won,310,795.86,306853.77,187626.67,119227.1,0.5,4.3
2024-06-14,Q2 2024,Jun,North America,USA,Services,Consulting,Sarah Chen,SMB,Qualified,98,421.78,50893.03,40161.17,10731.86,1.5,3.4
2024-06-14,Q2 2024,Jun,North America,USA,Hardware,Desktop Plus,Sarah Chen,SMB,Closed Won,80,975.76,92111.74,67933.22,24178.52,5.6,4.1
2024-06-14,Q2 2024,Jun,Asia Pacific,India,Subscriptions,Professional Plan,Raj Patel,Enterprise,Closed Won,381,115.32,36335.83,20631.42,15704.41,17.3,3.8
2024-06-14,Q2 2024,Jun,Asia Pacific,India,Hardware,Server Rack,Raj Patel,Enterprise,Lead,82,3797.94,246964.85,187986.68,58978.17,20.7,3.8
2024-06-15,Q2 2024,Jun,North America,Canada,Subscriptions,Professional Plan,Sarah Chen,SMB,Lead,395,185.1,84447.25,53664.24,30783.01,7.6,3.5
2024-06-15,Q2 2024,Jun,Europe,UK,Services,Consulting,James Clarke,SMB,Proposal,28,441.69,9686.09,7671.71,2014.38,2.1,3.9
2024-06-15,Q2 2024,Jun,North America,USA,Services,Implementation,Mike Johnson,Government,Negotiation,120,389.73,42801.71,34451.71,8350.0,16.8,3.3
2024-06-15,Q2 2024,Jun,Europe,Germany,Software,Data Platform,James Clarke,Enterprise,Proposal,12,2404.7,19807.03,12597.28,7209.75,14.2,3.4
2024-06-16,Q2 2024,Jun,Asia Pacific,India,Software,Data Platform,Raj Patel,SMB,Qualified,17,1471.48,23063.98,12927.27,10136.71,7.8,3.6
2024-06-16,Q2 2024,Jun,Asia Pacific,Australia,Services,Consulting,Yuki Tanaka,SMB,Lead,142,337.59,60761.14,51071.28,9689.86,2.5,4.4
2024-06-17,Q2 2024,Jun,Latin America,Brazil,Software,Data Platform,Pedro Morales,Enterprise,Negotiation,17,3186.8,36324.74,20506.31,15818.43,10.6,3.4
2024-06-17,Q2 2024,Jun,Latin America,Brazil,Services,Consulting,Ana Gutierrez,Enterprise,Lead,98,417.68,33308.94,26602.04,6706.9,22.5,4.0
2024-06-17,Q2 2024,Jun,North America,USA,Software,Data Platform,Elena Rodriguez,Enterprise,Lead,10,3456.94,23712.88,14489.26,9223.62,19.3,4.5
2024-06-18,Q2 2024,Jun,North America,USA,Services,Training,Mike Johnson,SMB,Qualified,58,71.88,4530.91,3486.85,1044.06,1.2,3.7
2024-06-19,Q2 2024,Jun,Asia Pacific,India,Software,Cloud Suite,Liam Zhang,Education,Qualified,14,1484.44,15617.79,9415.44,6202.35,16.5,3.3
2024-06-19,Q2 2024,Jun,North America,Canada,Hardware,Networking Kit,Sarah Chen,SMB,Negotiation,7,699.33,6027.35,4303.25,1724.1,1.5,3.6
2024-06-20,Q2 2024,Jun,Asia Pacific,Australia,Subscriptions,Enterprise Plan,Raj Patel,SMB,Qualified,211,562.45,114523.26,66745.24,47778.02,3.5,3.4
2024-06-20,Q2 2024,Jun,Europe,Germany,Hardware,Networking Kit,James Clarke,Enterprise,Lead,51,650.13,20530.59,15647.35,4883.24,22.6,3.8
2024-06-20,Q2 2024,Jun,Europe,France,Subscriptions,Enterprise Plan,Sophie Dupont,SMB,Closed Won,191,655.12,125340.64,71638.38,53702.26,4.6,2.9
2024-06-22,Q2 2024,Jun,Asia Pacific,Japan,Subscriptions,Professional Plan,Liam Zhang,Government,Negotiation,418,171.52,52459.49,33056.11,19403.38,18.7,3.3
2024-06-22,Q2 2024,Jun,North America,Canada,Services,Training,Mike Johnson,SMB,Closed Lost,77,82.96,6443.49,4820.68,1622.81,8.3,3.4
2024-06-22,Q2 2024,Jun,Europe,Germany,Hardware,Server Rack,James Clarke,Government,Proposal,58,4919.8,184220.93,141938.01,42282.92,19.3,3.2
2024-06-23,Q2 2024,Jun,North America,Canada,Hardware,Laptop Pro,Mike Johnson,SMB,Lead,89,2729.54,261610.3,192732.81,68877.49,2.1,3.0
2024-06-23,Q2 2024,Jun,Asia Pacific,Australia,Services,Consulting,Raj Patel,Enterprise,Closed Won,48,248.28,9033.42,7318.75,1714.67,24.2,3.8
2024-06-23,Q2 2024,Jun,Europe,Germany,Software,Security Pro,Sophie Dupont,Enterprise,Lead,41,1041.75,34487.6,22010.28,12477.32,23.1,3.6
2024-06-24,Q2 2024,Jun,North America,Canada,Software,Security Pro,Mike Johnson,Enterprise,Lead,2,1588.6,3103.49,1980.67,1122.82,11.2,3.9
2024-06-26,Q2 2024,Jun,North America,Canada,Services,Consulting,Mike Johnson,SMB,Proposal,156,487.9,75686.17,65511.24,10174.93,9.6,3.2
2024-06-26,Q2 2024,Jun,Europe,UK,Subscriptions,Basic Plan,Hans Mueller,SMB,Proposal,119,62.65,8812.22,5304.43,3507.79,1.5,3.9
2024-06-27,Q2 2024,Jun,Europe,France,Services,Implementation,Sophie Dupont,Education,Proposal,45,564.62,22383.09,17028.99,5354.1,16.1,3.8
2024-06-28,Q2 2024,Jun,Europe,UK,Hardware,Desktop Plus,Hans Mueller,SMB,Qualified,17,1903.9,38761.88,27514.18,11247.7,0.2,3.8
2024-06-28,Q2 2024,Jun,Asia Pacific,Australia,Services,Training,Raj Patel,Education,Closed Lost,128,133.33,13891.92,11140.04,2751.88,18.6,3.8
2024-06-28,Q2 2024,Jun,Europe,Germany,Hardware,Server Rack,Hans Mueller,Enterprise,Lead,69,4594.52,287221.82,203949.36,83272.46,24.5,4.6
2024-06-29,Q2 2024,Jun,Latin America,Brazil,Services,Implementation,Carlos Silva,Enterprise,Closed Lost,138,307.07,42396.85,35439.45,6957.4,13.0,4.2
2024-06-29,Q2 2024,Jun,Europe,France,Software,Cloud Suite,Sophie Dupont,Enterprise,Closed Won,31,1380.11,36881.44,22753.93,14127.51,17.9,3.8
2024-06-29,Q2 2024,Jun,North America,USA,Hardware,Server Rack,Sarah Chen,SMB,Closed Lost,90,3947.65,430343.2,316992.69,113350.51,3.1,4.9
2024-06-29,Q2 2024,Jun,North America,Canada,Subscriptions,Basic Plan,Elena Rodriguez,Enterprise,Proposal,12,59.19,454.01,290.42,163.59,24.8,3.1
2024-06-29,Q2 2024,Jun,Asia Pacific,Japan,Hardware,Server Rack,Liam Zhang,SMB,Closed Won,19,4894.06,82182.03,60028.46,22153.57,1.8,3.1
2024-06-30,Q2 2024,Jun,Europe,Germany,Services,Consulting,James Clarke,Education,Negotiation,138,372.17,33157.67,26053.03,7104.64,19.3,3.1
2024-06-30,Q2 2024,Jun,North America,Canada,Software,Cloud Suite,Mike Johnson,SMB,Closed Lost,15,918.39,14941.29,9399.17,5542.12,1.4,3.7
2024-07-01,Q3 2024,Jul,Europe,Germany,Hardware,Networking Kit,Hans Mueller,Education,Lead,21,954.19,18418.92,13415.58,5003.34,23.4,4.4
2024-07-01,Q3 2024,Jul,North America,Canada,Subscriptions,Enterprise Plan,Sarah Chen,SMB,Closed Lost,304,615.71,227418.65,139674.92,87743.73,2.8,4.6
2024-07-01,Q3 2024,Jul,Europe,UK,Subscriptions,Enterprise Plan,Hans Mueller,Enterprise,Proposal,497,498.42,235428.09,140374.62,95053.47,20.8,4.9
2024-07-01,Q3 2024,Jul,Asia Pacific,Japan,Software,Cloud Suite,Liam Zhang,Enterprise,Closed Won,18,1224.55,17258.81,10109.66,7149.15,13.0,4.0
2024-07-02,Q3 2024,Jul,Europe,France,Hardware,Desktop Plus,Sophie Dupont,SMB,Lead,22,1468.14,32489.64,23519.53,8970.11,4.2,3.7
2024-07-02,Q3 2024,Jul,North America,Canada,Services,Consulting,Elena Rodriguez,Government,Closed Lost,140,213.36,21302.08,18634.99,2667.09,16.1,3.2
2024-07-02,Q3 2024,Jul,Latin America,Colombia,Software,Cloud Suite,Ana Gutierrez,SMB,Closed Won,31,2285.28,68955.7,40906.55,28049.15,7.3,3.2
2024-07-03,Q3 2024,Jul,Europe,Germany,Subscriptions,Professional Plan,Sophie Dupont,SMB,Proposal,321,117.0,37108.19,21585.99,15522.2,5.9,3.4
2024-07-03,Q3 2024,Jul,Europe,France,Services,Implementation,Sophie Dupont,Government,Proposal,110,284.11,30747.38,24409.91,6337.47,6.3,3.5
2024-07-03,Q3 2024,Jul,North America,Canada,Subscriptions,Basic Plan,Elena Rodriguez,Government,Closed Won,48,40.84,1554.63,893.48,661.15,6.7,3.7
2024-07-04,Q3 2024,Jul,Europe,Germany,Services,Training,Hans Mueller,Enterprise,Proposal,177,134.81,23708.66,19255.72,4452.94,17.2,4.7
2024-07-04,Q3 2024,Jul,Europe,UK,Services,Consulting,James Clarke,Government,Closed Won,81,236.54,13289.2,10760.81,2528.39,13.3,3.7
2024-07-05,Q3 2024,Jul,Europe,UK,Software,Data Platform,James Clarke,Government,Lead,33,3406.07,84794.79,54695.43,30099.36,5.7,3.1
2024-07-05,Q3 2024,Jul,Europe,UK,Software,Cloud Suite,Hans Mueller,Enterprise,Closed Lost,41,2303.76,95889.86,55665.53,40224.33,15.4,4.2
2024-07-05,Q3 2024,Jul,North America,Canada,Services,Consulting,Mike Johnson,Enterprise,Lead,163,385.31,58032.31,50113.68,7918.63,16.0,3.9
2024-07-05,Q3 2024,Jul,Europe,France,Services,Consulting,James Clarke,Government,Closed Lost,27,416.56,7801.0,6640.61,1160.39,13.3,2.9
2024-07-05,Q3 2024,Jul,Europe,Germany,Subscriptions,Enterprise Plan,James Clarke,SMB,Qualified,253,523.3,104539.01,61316.09,43222.92,1.3,2.7
2024-07-06,Q3 2024,Jul,North America,Canada,Software,Data Platform,Mike Johnson,SMB,Negotiation,33,2256.99,75784.08,43875.72,31908.36,7.5,3.1
2024-07-06,Q3 2024,Jul,Europe,Germany,Software,Security Pro,James Clarke,Education,Closed Lost,6,756.62,3054.32,1750.74,1303.58,15.9,2.9
2024-07-06,Q3 2024,Jul,Latin America,Colombia,Services,Support,Pedro Morales,Enterprise,Closed Won,135,143.26,11299.45,7977.02,3322.43,22.1,3.0
2024-07-06,Q3 2024,Jul,North America,Canada,Subscriptions,Enterprise Plan,Elena Rodriguez,SMB,Qualified,258,697.1,139421.12,84308.18,55112.94,8.8,3.8
2024-07-06,Q3 2024,Jul,Latin America,Colombia,Hardware,Desktop Plus,Pedro Morales,SMB,Proposal,20,1423.48,20775.69,15192.49,5583.2,2.7,3.2
2024-07-07,Q3 2024,Jul,Latin America,Brazil,Services,Support,Pedro Morales,Enterprise,Closed Lost,68,300.53,12936.01,9131.71,3804.3,15.6,3.4
2024-07-09,Q3 2024,Jul,Asia Pacific,Japan,Services,Support,Raj Patel,SMB,Qualified,26,246.81,6064.12,4257.17,1806.95,5.5,3.1
2024-07-10,Q3 2024,Jul,Europe,UK,Hardware,Laptop Pro,Hans Mueller,SMB,Lead,92,1909.36,208685.41,146540.22,62145.19,1.0,3.8
2024-07-11,Q3 2024,Jul,Latin America,Brazil,Services,Support,Pedro Morales,SMB,Closed Won,9,172.41,1126.53,806.08,320.45,3.2,4.0
2024-07-12,Q3 2024,Jul,Latin America,Brazil,Services,Implementation,Ana Gutierrez,SMB,Proposal,67,774.47,54048.09,44808.83,9239.26,0.8,3.8
2024-07-12,Q3 2024,Jul,North America,USA,Subscriptions,Professional Plan,Mike Johnson,Government,Qualified,337,226.74,79849.89,44364.13,35485.76,5.0,3.6
2024-07-12,Q3 2024,Jul,Europe,UK,Hardware,Laptop Pro,James Clarke,SMB,Closed Won,34,1799.21,48889.57,34635.02,14254.55,0.1,3.6
2024-07-12,Q3 2024,Jul,Europe,Germany,Software,Security Pro,Hans Mueller,Enterprise,Lead,45,1742.86,82538.36,47027.61,35510.75,12.3,4.4
2024-07-13,Q3 2024,Jul,Latin America,Brazil,Subscriptions,Basic Plan,Carlos Silva,SMB,Closed Won,92,59.57,6207.97,3459.7,2748.27,1.5,4.1
2024-07-13,Q3 2024,Jul,Europe,UK,Subscriptions,Basic Plan,Sophie Dupont,SMB,Qualified,472,31.08,14941.15,8362.53,6578.62,3.0,3.3
2024-07-13,Q3 2024,Jul,Asia Pacific,India,Subscriptions,Professional Plan,Liam Zhang,SMB,Closed Won,484,119.84,49331.18,30933.66,18397.52,5.5,2.7
2024-07-14,Q3 2024,Jul,Latin America,Brazil,Hardware,Server Rack,Pedro Morales,SMB,Qualified,63,4006.35,183810.34,134983.81,48826.53,2.9,2.7
2024-07-14,Q3 2024,Jul,North America,USA,Subscriptions,Basic Plan,Sarah Chen,SMB,Proposal,144,25.05,4436.86,2481.79,1955.07,1.6,4.3
2024-07-14,Q3 2024,Jul,Europe,UK,Software,Data Platform,Sophie Dupont,SMB,Closed Won,10,1869.8,19024.28,11496.04,7528.24,3.1,2.9
2024-07-14,Q3 2024,Jul,Asia Pacific,Japan,Subscriptions,Basic Plan,Yuki Tanaka,SMB,Proposal,436,33.22,18188.91,11614.7,6574.21,3.4,3.7
2024-07-14,Q3 2024,Jul,Europe,UK,Subscriptions,Enterprise Plan,Sophie Dupont,Education,Lead,292,280.69,64888.9,36082.99,28805.91,24.6,4.2
2024-07-14,Q3 2024,Jul,Asia Pacific,India,Hardware,Server Rack,Liam Zhang,SMB,Proposal,80,3867.33,254779.7,182301.89,72477.81,8.5,3.7
2024-07-15,Q3 2024,Jul,Europe,UK,Hardware,Desktop Plus,Sophie Dupont,SMB,Closed Won,99,1070.21,102459.71,80408.71,22051.0,7.9,3.2
2024-07-16,Q3 2024,Jul,North America,Canada,Software,Security Pro,Elena Rodriguez,Enterprise,Closed Won,46,1288.49,39951.31,24824.09,15127.22,20.7,2.9
2024-07-16,Q3 2024,Jul,Latin America,Mexico,Services,Consulting,Pedro Morales,Enterprise,Proposal,68,196.72,7885.72,6232.45,1653.27,21.4,3.6
2024-07-17,Q3 2024,Jul,Latin America,Mexico,Services,Support,Ana Gutierrez,SMB,Closed Lost,178,145.77,25827.7,19317.24,6510.46,5.2,3.3
2024-07-17,Q3 2024,Jul,North America,USA,Hardware,Networking Kit,Mike Johnson,Government,Closed Won,16,1221.26,20354.98,14804.45,5550.53,5.3,4.2
2024-07-18,Q3 2024,Jul,Europe,UK,Software,Data Platform,James Clarke,Enterprise,Closed Won,48,1257.59,41578.94,24796.51,16782.43,13.9,3.6
2024-07-18,Q3 2024,Jul,Latin America,Brazil,Hardware,Networking Kit,Carlos Silva,Education,Lead,69,999.14,65486.73,47002.56,18484.17,17.4,3.6
2024-07-18,Q3 2024,Jul,Latin America,Brazil,Services,Support,Carlos Silva,Education,Negotiation,185,378.47,65059.75,45565.35,19494.4,19.2,4.0
2024-07-18,Q3 2024,Jul,North America,Canada,Subscriptions,Enterprise Plan,Mike Johnson,SMB,Qualified,306,539.16,173133.12,109961.45,63171.67,4.6,3.8
2024-07-19,Q3 2024,Jul,Asia Pacific,India,Subscriptions,Professional Plan,Yuki Tanaka,Enterprise,Lead,478,212.76,109469.1,66508.67,42960.43,17.2,4.8
2024-07-19,Q3 2024,Jul,Asia Pacific,India,Subscriptions,Basic Plan,Yuki Tanaka,Enterprise,Negotiation,145,45.39,6896.15,4331.16,2564.99,19.4,5.0
2024-07-20,Q3 2024,Jul,Asia Pacific,Australia,Subscriptions,Basic Plan,Raj Patel,Enterprise,Qualified,105,49.6,4432.01,2557.83,1874.18,14.9,3.9
2024-07-20,Q3 2024,Jul,Asia Pacific,Japan,Subscriptions,Basic Plan,Raj Patel,SMB,Proposal,158,56.69,8347.94,5155.43,3192.51,6.8,3.4
2024-07-22,Q3 2024,Jul,Europe,Germany,Services,Consulting,James Clarke,Government,Closed Lost,168,219.29,26289.54,22623.38,3666.16,10.8,2.1
2024-07-23,Q3 2024,Jul,Asia Pacific,Japan,Subscriptions,Enterprise Plan,Yuki Tanaka,Enterprise,Closed Won,235,478.28,116745.52,67452.25,49293.27,20.1,4.4
2024-07-24,Q3 2024,Jul,North America,Canada,Software,Cloud Suite,Elena Rodriguez,Enterprise,Lead,1,2099.41,1454.37,825.77,628.6,18.5,3.2
2024-07-24,Q3 2024,Jul,North America,Canada,Services,Consulting,Elena Rodriguez,SMB,Closed Won,193,162.14,24790.33,19924.42,4865.91,6.8,3.4
2024-07-24,Q3 2024,Jul,Europe,France,Subscriptions,Professional Plan,James Clarke,SMB,Closed Won,98,116.62,9143.01,5264.1,3878.91,0.0,3.8
2024-07-24,Q3 2024,Jul,North America,USA,Hardware,Networking Kit,Mike Johnson,Enterprise,Lead,5,1256.13,5195.35,3979.4,1215.95,24.8,3.5
2024-07-25,Q3 2024,Jul,North America,Canada,Hardware,Networking Kit,Sarah Chen,SMB,Proposal,59,1421.41,100426.17,74586.2,25839.97,4.2,3.9
2024-07-26,Q3 2024,Jul,Asia Pacific,Japan,Services,Consulting,Yuki Tanaka,SMB,Closed Won,123,176.12,27598.36,24036.96,3561.4,2.0,4.7
2024-07-26,Q3 2024,Jul,Europe,UK,Subscriptions,Basic Plan,James Clarke,SMB,Negotiation,278,69.56,14835.87,9477.98,5357.89,4.1,3.7
2024-07-26,Q3 2024,Jul,North America,USA,Software,Cloud Suite,Mike Johnson,Enterprise,Closed Lost,50,1791.12,85705.09,53136.69,32568.4,13.0,3.9
2024-07-27,Q3 2024,Jul,Latin America,Mexico,Subscriptions,Professional Plan,Pedro Morales,Education,Closed Won,241,210.92,30499.03,19513.01,10986.02,20.0,3.9
2024-07-27,Q3 2024,Jul,North America,USA,Hardware,Laptop Pro,Elena Rodriguez,Government,Lead,69,1602.11,86258.72,65689.5,20569.22,8.2,2.4
2024-07-28,Q3 2024,Jul,North America,Canada,Software,Cloud Suite,Mike Johnson,Government,Lead,46,1330.47,56281.01,33304.85,22976.16,16.4,3.1
2024-07-29,Q3 2024,Jul,North America,USA,Software,Security Pro,Elena Rodriguez,Government,Closed Won,1,996.34,722.4,463.69,258.71,14.7,2.5
2024-07-30,Q3 2024,Jul,North America,USA,Services,Implementation,Sarah Chen,SMB,Proposal,151,467.37,83540.63,69134.92,14405.71,5.3,4.2
2024-07-31,Q3 2024,Jul,North America,Canada,Software,Cloud Suite,Elena Rodriguez,SMB,Qualified,13,843.91,9082.75,5352.74,3730.01,2.6,3.1
2024-07-31,Q3 2024,Jul,North America,USA,Subscriptions,Enterprise Plan,Sarah Chen,Government,Qualified,128,591.48,78548.54,46230.18,32318.36,17.0,3.8
2024-08-01,Q3 2024,Aug,North America,Canada,Services,Training,Sarah Chen,SMB,Lead,92,210.55,22058.27,15906.26,6152.01,8.9,3.9
2024-08-03,Q3 2024,Aug,Asia Pacific,India,Hardware,Laptop Pro,Liam Zhang,Enterprise,Qualified,67,2100.28,97391.45,76303.96,21087.49,23.1,3.6
2024-08-04,Q3 2024,Aug,Asia Pacific,Japan,Subscriptions,Basic Plan,Raj Patel,Enterprise,Lead,448,75.52,28419.69,17479.87,10939.82,16.0,3.9
2024-08-04,Q3 2024,Aug,Europe,Germany,Subscriptions,Enterprise Plan,Sophie Dupont,Enterprise,Negotiation,343,371.96,105829.5,66962.99,38866.51,21.0,4.4
2024-08-04,Q3 2024,Aug,Latin America,Mexico,Subscriptions,Professional Plan,Pedro Morales,Education,Closed Won,163,125.23,11619.81,6790.86,4828.95,24.1,3.3
2024-08-05,Q3 2024,Aug,Asia Pacific,India,Services,Training,Liam Zhang,Enterprise,Negotiation,5,125.94,431.28,343.5,87.78,23.9,3.7
2024-08-05,Q3 2024,Aug,Asia Pacific,Japan,Software,Security Pro,Yuki Tanaka,SMB,Proposal,14,1363.91,23358.6,13972.38,9386.22,5.9,4.2
2024-08-06,Q3 2024,Aug,Europe,UK,Subscriptions,Basic Plan,James Clarke,Education,Proposal,280,60.84,11270.49,7101.9,4168.59,17.3,3.5
2024-08-06,Q3 2024,Aug,Europe,France,Subscriptions,Professional Plan,James Clarke,SMB,Closed Won,208,243.6,37130.1,23546.63,13583.47,8.4,2.8
2024-08-07,Q3 2024,Aug,North America,USA,Hardware,Networking Kit,Elena Rodriguez,Government,Closed Lost,23,585.42,9659.55,7206.32,2453.23,15.6,3.0
2024-08-08,Q3 2024,Aug,North America,USA,Hardware,Networking Kit,Mike Johnson,SMB,Lead,27,1327.95,36915.95,28237.56,8678.39,6.4,3.6
2024-08-08,Q3 2024,Aug,Asia Pacific,Australia,Hardware,Server Rack,Raj Patel,SMB,Closed Won,20,3418.44,61668.66,45142.37,16526.29,9.8,3.7
2024-08-08,Q3 2024,Aug,Europe,UK,Hardware,Desktop Plus,James Clarke,SMB,Negotiation,8,1143.1,7037.84,5506.7,1531.14,3.8,3.3
2024-08-08,Q3 2024,Aug,Europe,Germany,Services,Implementation,James Clarke,Government,Negotiation,115,532.15,42397.45,33086.76,9310.69,13.4,3.1
2024-08-09,Q3 2024,Aug,Europe,France,Hardware,Laptop Pro,James Clarke,Education,Qualified,78,2853.83,143353.59,108997.82,34355.77,19.5,4.2
2024-08-10,Q3 2024,Aug,Latin America,Mexico,Hardware,Server Rack,Pedro Morales,Enterprise,Lead,96,4802.84,299812.48,231657.45,68155.03,13.3,3.2
2024-08-10,Q3 2024,Aug,North America,Canada,Subscriptions,Basic Plan,Mike Johnson,Enterprise,Proposal,84,25.17,1904.75,1104.43,800.32,18.1,3.8
2024-08-10,Q3 2024,Aug,Europe,UK,Software,Security Pro,Sophie Dupont,SMB,Closed Lost,22,1662.8,37488.82,24031.43,13457.39,2.4,3.5
2024-08-10,Q3 2024,Aug,North America,USA,Hardware,Laptop Pro,Sarah Chen,SMB,Lead,21,1385.58,36335.1,28541.02,7794.08,0.1,4.1
2024-08-11,Q3 2024,Aug,North America,USA,Hardware,Laptop Pro,Sarah Chen,Government,Negotiation,28,2651.1,80633.21,63330.0,17303.21,13.1,4.3
2024-08-11,Q3 2024,Aug,Latin America,Colombia,Services,Support,Pedro Morales,Education,Lead,126,297.39,22651.3,16111.43,6539.87,19.4,3.3
2024-08-11,Q3 2024,Aug,North America,USA,Software,Cloud Suite,Elena Rodriguez,SMB,Lead,31,1009.57,24553.8,13655.79,10898.01,7.7,3.7
2024-08-12,Q3 2024,Aug,North America,Canada,Hardware,Server Rack,Elena Rodriguez,SMB,Negotiation,77,3153.36,196480.82,139432.99,57047.83,4.8,3.5
2024-08-12,Q3 2024,Aug,North America,Canada,Services,Consulting,Mike Johnson,Education,Closed Won,96,226.59,19357.67,15328.98,4028.69,19.1,4.5
2024-08-12,Q3 2024,Aug,North America,USA,Services,Consulting,Sarah Chen,Government,Closed Won,82,161.93,15601.96,13214.65,2387.31,6.0,3.9
2024-08-12,Q3 2024,Aug,North America,Canada,Subscriptions,Basic Plan,Elena Rodriguez,SMB,Lead,314,61.87,16347.97,9023.05,7324.92,1.0,3.5
2024-08-13,Q3 2024,Aug,Latin America,Colombia,Subscriptions,Basic Plan,Carlos Silva,Enterprise,Negotiation,452,62.3,27396.47,16517.3,10879.17,15.4,4.1
2024-08-14,Q3 2024,Aug,Europe,UK,Services,Support,Hans Mueller,Education,Proposal,39,240.4,8966.82,6514.72,2452.1,20.3,3.8
2024-08-14,Q3 2024,Aug,Asia Pacific,India,Services,Support,Liam Zhang,SMB,Lead,124,161.31,16688.04,12010.33,4677.71,7.3,3.0
2024-08-15,Q3 2024,Aug,Europe,UK,Software,Data Platform,Hans Mueller,SMB,Negotiation,37,2438.51,100366.15,63300.94,37065.21,7.3,4.8
2024-08-15,Q3 2024,Aug,North America,USA,Hardware,Networking Kit,Mike Johnson,Government,Closed Won,89,569.48,52574.22,40239.72,12334.5,5.7,3.6
2024-08-15,Q3 2024,Aug,Latin America,Mexico,Services,Consulting,Pedro Morales,Enterprise,Lead,15,393.43,3979.05,3493.95,485.1,10.1,3.6
2024-08-15,Q3 2024,Aug,North America,Canada,Subscriptions,Enterprise Plan,Sarah Chen,Enterprise,Proposal,326,546.57,185086.37,119427.4,65658.97,16.9,4.6
2024-08-16,Q3 2024,Aug,North America,USA,Hardware,Desktop Plus,Sarah Chen,SMB,Closed Won,14,1938.39,31140.24,21800.19,9340.05,8.2,3.8
2024-08-17,Q3 2024,Aug,North America,USA,Services,Training,Elena Rodriguez,Government,Closed Lost,175,184.12,25936.29,21021.59,4914.7,5.3,2.8
2024-08-18,Q3 2024,Aug,Europe,UK,Subscriptions,Professional Plan,Hans Mueller,SMB,Closed Won,198,227.49,52051.71,29530.54,22521.17,3.7,3.5
2024-08-18,Q3 2024,Aug,Latin America,Colombia,Services,Consulting,Carlos Silva,SMB,Closed Won,25,371.37,9780.03,8140.77,1639.26,8.4,4.6
2024-08-18,Q3 2024,Aug,North America,Canada,Services,Support,Mike Johnson,Enterprise,Negotiation,60,152.26,7999.13,5742.61,2256.52,20.4,4.1
2024-08-18,Q3 2024,Aug,Europe,France,Subscriptions,Basic Plan,Sophie Dupont,SMB,Negotiation,414,58.99,25514.74,15111.96,10402.78,0.5,3.0
2024-08-18,Q3 2024,Aug,Europe,France,Software,Cloud Suite,Sophie Dupont,SMB,Proposal,20,2128.27,42548.37,24541.3,18007.07,4.8,4.3
2024-08-19,Q3 2024,Aug,Asia Pacific,Australia,Software,Cloud Suite,Yuki Tanaka,SMB,Closed Won,27,1426.94,48583.03,27605.57,20977.46,3.0,3.6
2024-08-19,Q3 2024,Aug,North America,Canada,Software,Cloud Suite,Sarah Chen,SMB,Closed Won,8,1954.43,18058.93,10524.93,7534.0,7.6,3.4
2024-08-20,Q3 2024,Aug,Europe,France,Software,Security Pro,Sophie Dupont,Enterprise,Closed Won,14,1532.05,18962.8,10474.47,8488.33,15.8,3.5
2024-08-21,Q3 2024,Aug,Europe,France,Hardware,Laptop Pro,Sophie Dupont,SMB,Lead,35,2936.01,103258.74,72498.86,30759.88,4.3,3.4
2024-08-21,Q3 2024,Aug,Asia Pacific,India,Services,Consulting,Raj Patel,SMB,Closed Won,6,443.71,2624.99,2250.75,374.24,1.4,3.1
2024-08-21,Q3 2024,Aug,Asia Pacific,Japan,Services,Implementation,Raj Patel,Enterprise,Closed Won,169,222.4,33676.7,26811.08,6865.62,10.4,4.2
2024-08-22,Q3 2024,Aug,Asia Pacific,Australia,Services,Training,Liam Zhang,SMB,Lead,70,132.01,7734.47,6222.78,1511.69,7.0,2.6
2024-08-22,Q3 2024,Aug,North America,Canada,Subscriptions,Enterprise Plan,Mike Johnson,Enterprise,Closed Won,159,368.22,48687.67,31601.6,17086.07,24.4,4.7
2024-08-22,Q3 2024,Aug,Europe,Germany,Services,Implementation,Hans Mueller,Government,Negotiation,21,763.74,15820.42,13103.01,2717.41,17.8,4.2
2024-08-23,Q3 2024,Aug,North America,Canada,Software,Data Platform,Elena Rodriguez,Enterprise,Lead,30,1908.95,39380.68,25450.28,13930.4,19.1,3.9
2024-08-24,Q3 2024,Aug,North America,Canada,Services,Support,Sarah Chen,SMB,Closed Won,74,389.3,34893.93,24507.85,10386.08,3.1,4.0
2024-08-24,Q3 2024,Aug,Europe,Germany,Subscriptions,Enterprise Plan,James Clarke,Education,Closed Won,174,678.77,74170.56,41459.79,32710.77,21.5,2.9
2024-08-24,Q3 2024,Aug,Asia Pacific,India,Hardware,Networking Kit,Liam Zhang,SMB,Closed Won,1,415.11,345.21,264.14,81.07,7.6,3.3
2024-08-25,Q3 2024,Aug,Europe,Germany,Services,Consulting,Hans Mueller,Enterprise,Lead,156,490.68,70544.87,55203.14,15341.73,23.2,4.1
2024-08-25,Q3 2024,Aug,Asia Pacific,Australia,Services,Training,Raj Patel,Government,Closed Won,104,216.07,21145.47,16821.12,4324.35,5.9,3.5
2024-08-25,Q3 2024,Aug,North America,USA,Software,Security Pro,Sarah Chen,SMB,Lead,19,752.34,16706.65,9369.72,7336.93,6.5,4.3
2024-08-26,Q3 2024,Aug,North America,USA,Software,Data Platform,Elena Rodriguez,Government,Closed Won,49,2726.71,92443.92,57643.03,34800.89,18.6,3.4
2024-08-26,Q3 2024,Aug,Latin America,Brazil,Services,Implementation,Carlos Silva,Government,Lead,16,727.25,10879.08,8238.47,2640.61,18.7,4.2
2024-08-27,Q3 2024,Aug,Europe,Germany,Services,Support,Sophie Dupont,SMB,Qualified,160,220.22,36405.01,25687.07,10717.94,1.6,3.6
2024-08-27,Q3 2024,Aug,Latin America,Brazil,Hardware,Networking Kit,Ana Gutierrez,SMB,Closed Won,96,1311.05,127924.92,91406.68,36518.24,3.2,4.9
2024-08-28,Q3 2024,Aug,North America,USA,Subscriptions,Professional Plan,Elena Rodriguez,SMB,Closed Won,305,223.73,57363.98,35537.21,21826.77,1.1,3.3
2024-08-28,Q3 2024,Aug,Latin America,Brazil,Services,Training,Pedro Morales,Government,Lead,145,54.16,5194.89,4064.16,1130.73,11.8,2.6
2024-08-28,Q3 2024,Aug,Asia Pacific,Australia,Software,Data Platform,Liam Zhang,Enterprise,Lead,48,2433.51,88096.96,56416.08,31680.88,16.2,3.0
2024-08-31,Q3 2024,Aug,Europe,Germany,Hardware,Laptop Pro,Sophie Dupont,Education,Closed Won,3,2309.16,5535.4,4040.44,1494.96,23.9,3.6
2024-08-31,Q3 2024,Aug,North America,Canada,Services,Consulting,Elena Rodriguez,SMB,Negotiation,31,171.22,4507.14,3558.32,948.82,0.1,2.5
2024-09-01,Q3 2024,Sep,Latin America,Mexico,Services,Support,Ana Gutierrez,Education,Closed Won,104,201.85,18008.33,13131.2,4877.13,18.3,4.4
2024-09-01,Q3 2024,Sep,Europe,UK,Hardware,Laptop Pro,Sophie Dupont,Education,Proposal,77,2854.64,185099.71,144028.32,41071.39,19.8,3.8
2024-09-01,Q3 2024,Sep,Asia Pacific,Japan,Hardware,Desktop Plus,Raj Patel,Enterprise,Proposal,8,1540.55,9489.79,6748.0,2741.79,23.0,3.3
2024-09-02,Q3 2024,Sep,Asia Pacific,Australia,Hardware,Laptop Pro,Yuki Tanaka,SMB,Lead,24,1697.35,50044.67,36082.24,13962.43,5.5,4.9
2024-09-02,Q3 2024,Sep,Latin America,Colombia,Software,Security Pro,Ana Gutierrez,SMB,Qualified,22,755.99,16607.66,9862.96,6744.7,4.9,3.3
2024-09-02,Q3 2024,Sep,Latin America,Colombia,Hardware,Laptop Pro,Pedro Morales,SMB,Lead,74,2661.58,143877.03,113854.0,30023.03,2.6,3.1
2024-09-02,Q3 2024,Sep,Asia Pacific,India,Services,Consulting,Liam Zhang,Enterprise,Closed Lost,77,489.34,29672.35,24346.46,5325.89,12.5,4.1
2024-09-02,Q3 2024,Sep,Latin America,Brazil,Software,Security Pro,Ana Gutierrez,Government,Proposal,28,1780.65,42980.26,24844.93,18135.33,17.9,3.2
2024-09-03,Q3 2024,Sep,North America,USA,Software,Cloud Suite,Sarah Chen,Enterprise,Proposal,36,1106.6,39489.02,23129.18,16359.84,20.7,4.8
2024-09-03,Q3 2024,Sep,Latin America,Colombia,Services,Training,Pedro Morales,Education,Lead,47,117.11,3438.73,2635.62,803.11,16.7,3.3
2024-09-03,Q3 2024,Sep,North America,USA,Hardware,Laptop Pro,Elena Rodriguez,SMB,Closed Won,1,1564.62,1238.16,924.47,313.69,6.9,4.0
2024-09-04,Q3 2024,Sep,North America,USA,Software,Cloud Suite,Sarah Chen,SMB,Proposal,27,2097.42,68876.65,41584.1,27292.55,2.7,4.3
2024-09-04,Q3 2024,Sep,Europe,UK,Services,Consulting,James Clarke,SMB,Closed Lost,42,351.7,11143.54,9412.59,1730.95,5.7,3.5
2024-09-05,Q3 2024,Sep,North America,Canada,Hardware,Networking Kit,Mike Johnson,Education,Lead,71,902.8,57958.13,42184.86,15773.27,17.8,3.6
2024-09-06,Q3 2024,Sep,Europe,Germany,Software,Cloud Suite,Sophie Dupont,SMB,Closed Won,37,1275.65,46981.93,26392.0,20589.93,5.2,3.7
2024-09-06,Q3 2024,Sep,North America,USA,Software,Security Pro,Sarah Chen,SMB,Closed Won,4,574.87,2693.27,1571.27,1122.0,6.3,4.8
2024-09-07,Q3 2024,Sep,Europe,UK,Software,Cloud Suite,James Clarke,Enterprise,Closed Won,7,2250.47,9981.28,6408.96,3572.32,20.8,3.8
2024-09-07,Q3 2024,Sep,Latin America,Colombia,Services,Training,Carlos Silva,Enterprise,Negotiation,83,190.11,15224.49,11579.79,3644.7,16.1,4.3
2024-09-08,Q3 2024,Sep,North America,USA,Hardware,Laptop Pro,Elena Rodriguez,SMB,Closed Won,70,1213.71,70843.65,56188.07,14655.58,1.9,4.4
2024-09-08,Q3 2024,Sep,Europe,UK,Services,Consulting,Sophie Dupont,Education,Lead,10,150.24,1306.19,1148.97,157.22,17.2,4.5
2024-09-08,Q3 2024,Sep,North America,Canada,Software,Security Pro,Mike Johnson,Enterprise,Closed Lost,30,533.55,13592.72,7975.65,5617.07,22.8,3.8
2024-09-09,Q3 2024,Sep,North America,Canada,Software,Cloud Suite,Sarah Chen,Education,Qualified,16,1642.71,27170.42,16464.31,10706.11,17.3,4.5
2024-09-09,Q3 2024,Sep,Europe,Germany,Hardware,Desktop Plus,Sophie Dupont,SMB,Lead,19,1510.65,28992.24,20835.99,8156.25,3.8,3.6
2024-09-09,Q3 2024,Sep,Latin America,Colombia,Services,Consulting,Pedro Morales,SMB,Lead,36,356.43,8969.2,7523.5,1445.7,6.8,4.2
2024-09-09,Q3 2024,Sep,Europe,Germany,Services,Training,Sophie Dupont,Government,Qualified,82,213.32,15336.32,12224.35,3111.97,16.5,3.7
2024-09-09,Q3 2024,Sep,North America,USA,Services,Support,Sarah Chen,Education,Lead,103,173.94,18587.66,13431.03,5156.63,17.0,4.6
2024-09-10,Q3 2024,Sep,North America,USA,Subscriptions,Basic Plan,Mike Johnson,Education,Closed Won,278,41.82,10320.36,5713.91,4606.45,19.3,4.5
2024-09-10,Q3 2024,Sep,North America,USA,Hardware,Laptop Pro,Elena Rodriguez,Enterprise,Qualified,46,2116.53,73901.4,52925.89,20975.51,10.7,3.2
2024-09-10,Q3 2024,Sep,North America,Canada,Software,Data Platform,Mike Johnson,SMB,Lead,4,3167.86,13478.61,8708.35,4770.26,3.3,4.1
2024-09-10,Q3 2024,Sep,North America,Canada,Hardware,Desktop Plus,Elena Rodriguez,Enterprise,Closed Lost,63,1009.38,48430.86,33927.38,14503.48,10.4,3.3
2024-09-11,Q3 2024,Sep,North America,Canada,Software,Data Platform,Elena Rodriguez,SMB,Lead,49,1788.3,67183.39,37170.94,30012.45,9.8,3.8
2024-09-11,Q3 2024,Sep,Europe,Germany,Software,Cloud Suite,Hans Mueller,Enterprise,Closed Lost,9,1923.12,15618.81,9635.95,5982.86,24.8,4.0
2024-09-12,Q3 2024,Sep,North America,Canada,Hardware,Server Rack,Sarah Chen,SMB,Lead,74,4751.44,413137.71,310468.53,102669.18,6.0,3.5
2024-09-13,Q3 2024,Sep,Latin America,Brazil,Services,Consulting,Pedro Morales,Government,Proposal,129,156.24,14118.55,12183.5,1935.05,6.6,2.8
2024-09-14,Q3 2024,Sep,Europe,Germany,Hardware,Laptop Pro,Sophie Dupont,SMB,Closed Won,67,2460.48,167728.83,131369.58,36359.25,3.1,3.7
2024-09-15,Q3 2024,Sep,North America,Canada,Subscriptions,Enterprise Plan,Mike Johnson,SMB,Lead,391,594.21,244835.79,140671.21,104164.58,4.2,3.1
2024-09-16,Q3 2024,Sep,Latin America,Colombia,Software,Data Platform,Carlos Silva,Enterprise,Closed Lost,34,2102.71,62566.35,38033.94,24532.41,23.9,4.1
2024-09-16,Q3 2024,Sep,North America,Canada,Software,Data Platform,Mike Johnson,Enterprise,Proposal,33,3340.64,108532.38,66437.64,42094.74,10.5,3.2
2024-09-17,Q3 2024,Sep,Asia Pacific,India,Hardware,Server Rack,Yuki Tanaka,Government,Closed Won,14,3389.68,52623.43,39380.81,13242.62,14.7,3.9
2024-09-17,Q3 2024,Sep,Europe,France,Software,Data Platform,Sophie Dupont,Government,Proposal,47,2126.16,92439.8,54000.31,38439.49,11.9,3.4
2024-09-18,Q3 2024,Sep,Latin America,Mexico,Subscriptions,Enterprise Plan,Pedro Morales,SMB,Lead,278,495.53,101871.55,56880.82,44990.73,1.4,2.2
2024-09-18,Q3 2024,Sep,North America,USA,Software,Security Pro,Elena Rodriguez,Enterprise,Proposal,16,757.62,7892.58,4490.95,3401.63,23.4,3.5
2024-09-18,Q3 2024,Sep,North America,Canada,Services,Consulting,Sarah Chen,SMB,Negotiation,98,332.92,37683.21,32404.71,5278.5,7.6,4.6
2024-09-18,Q3 2024,Sep,Asia Pacific,Japan,Subscriptions,Professional Plan,Raj Patel,SMB,Qualified,119,124.29,13444.57,7809.91,5634.66,9.1,3.0
2024-09-19,Q3 2024,Sep,North America,Canada,Services,Consulting,Mike Johnson,Enterprise,Proposal,35,362.58,12200.45,10385.63,1814.82,12.6,4.2
2024-09-19,Q3 2024,Sep,Asia Pacific,Japan,Software,Cloud Suite,Liam Zhang,Government,Closed Won,12,2252.01,21913.86,13209.78,8704.08,9.9,3.3
2024-09-19,Q3 2024,Sep,Europe,France,Hardware,Networking Kit,Hans Mueller,Enterprise,Lead,69,683.76,45009.19,33798.81,11210.38,20.5,3.4
2024-09-20,Q3 2024,Sep,Europe,Germany,Subscriptions,Professional Plan,James Clarke,Enterprise,Negotiation,142,218.99,22140.76,13808.03,8332.73,11.0,3.3
2024-09-21,Q3 2024,Sep,Asia Pacific,Japan,Subscriptions,Basic Plan,Yuki Tanaka,Enterprise,Closed Won,365,70.95,29861.54,16494.79,13366.75,11.3,4.2
2024-09-21,Q3 2024,Sep,North America,USA,Software,Security Pro,Sarah Chen,SMB,Closed Won,9,1309.49,13950.98,8770.82,5180.16,5.3,3.3
2024-09-21,Q3 2024,Sep,North America,USA,Subscriptions,Enterprise Plan,Sarah Chen,Education,Qualified,256,559.32,148197.43,88313.86,59883.57,17.2,4.7
2024-09-21,Q3 2024,Sep,Asia Pacific,Australia,Services,Implementation,Liam Zhang,Government,Lead,133,394.34,41963.02,34728.42,7234.6,11.1,3.7
2024-09-22,Q3 2024,Sep,North America,USA,Software,Cloud Suite,Mike Johnson,SMB,Negotiation,45,2178.82,102566.86,64231.35,38335.51,4.9,4.6
2024-09-22,Q3 2024,Sep,North America,Canada,Software,Data Platform,Elena Rodriguez,Government,Lead,14,3435.76,34507.4,21085.82,13421.58,15.6,3.7
2024-09-22,Q3 2024,Sep,Asia Pacific,Japan,Services,Support,Liam Zhang,Government,Proposal,181,336.65,44475.47,31236.74,13238.73,18.9,3.2
2024-09-22,Q3 2024,Sep,North America,Canada,Software,Cloud Suite,Mike Johnson,Enterprise,Lead,18,1429.76,24119.48,13340.86,10778.62,14.8,3.7
2024-09-22,Q3 2024,Sep,North America,USA,Services,Implementation,Sarah Chen,Enterprise,Closed Lost,191,648.52,134705.71,114345.29,20360.42,13.0,4.3
2024-09-23,Q3 2024,Sep,North America,USA,Software,Security Pro,Elena Rodriguez,Government,Closed Won,39,919.3,24806.48,14384.59,10421.89,18.6,3.4
2024-09-24,Q3 2024,Sep,North America,USA,Hardware,Networking Kit,Mike Johnson,SMB,Closed Won,72,984.77,74250.08,55312.84,18937.24,4.8,3.8
2024-09-24,Q3 2024,Sep,North America,Canada,Subscriptions,Basic Plan,Elena Rodriguez,SMB,Proposal,398,79.31,26186.64,14453.85,11732.79,2.4,3.5
2024-09-24,Q3 2024,Sep,North America,USA,Hardware,Server Rack,Sarah Chen,Government,Closed Won,40,3426.9,148898.8,115955.42,32943.38,13.1,4.2
2024-09-25,Q3 2024,Sep,Asia Pacific,Australia,Software,Security Pro,Raj Patel,Government,Lead,33,1640.63,49213.98,27699.49,21514.49,9.1,4.0
2024-09-25,Q3 2024,Sep,North America,Canada,Hardware,Server Rack,Elena Rodriguez,Enterprise,Qualified,62,3242.78,152437.9,121431.68,31006.22,10.8,3.7
2024-09-25,Q3 2024,Sep,North America,USA,Services,Training,Sarah Chen,SMB,Proposal,56,60.44,3993.88,2933.46,1060.42,5.6,3.8
2024-09-25,Q3 2024,Sep,North America,Canada,Subscriptions,Basic Plan,Mike Johnson,Enterprise,Proposal,322,29.3,9298.74,5436.49,3862.25,10.4,4.0
2024-09-26,Q3 2024,Sep,North America,Canada,Software,Data Platform,Mike Johnson,Education,Lead,11,2393.5,22271.28,12447.51,9823.77,23.1,4.1
2024-09-27,Q3 2024,Sep,Asia Pacific,Australia,Software,Data Platform,Liam Zhang,SMB,Closed Won,41,3446.0,122198.26,69041.31,53156.95,3.9,3.2
2024-09-27,Q3 2024,Sep,Europe,UK,Services,Training,James Clarke,SMB,Closed Won,183,112.22,15525.41,12463.95,3061.46,5.5,3.5
2024-09-28,Q3 2024,Sep,North America,USA,Software,Data Platform,Sarah Chen,Enterprise,Proposal,24,2215.73,58761.16,37705.04,21056.12,11.6,5.0
2024-09-28,Q3 2024,Sep,North America,USA,Subscriptions,Basic Plan,Elena Rodriguez,SMB,Closed Won,387,61.21,19953.81,11920.27,8033.54,0.9,3.5
2024-09-30,Q3 2024,Sep,Europe,Germany,Services,Training,Hans Mueller,Enterprise,Closed Lost,192,54.97,10347.38,8106.11,2241.27,18.3,3.8
2024-09-30,Q3 2024,Sep,Europe,Germany,Subscriptions,Enterprise Plan,James Clarke,Government,Proposal,126,668.23,59207.32,35519.62,23687.7,12.1,3.6
2024-09-30,Q3 2024,Sep,Latin America,Colombia,Hardware,Laptop Pro,Pedro Morales,SMB,Negotiation,96,2477.87,165918.18,129744.88,36173.3,7.0,3.5
2024-09-30,Q3 2024,Sep,North America,USA,Subscriptions,Professional Plan,Mike Johnson,SMB,Lead,328,156.62,54417.68,31421.87,22995.81,3.7,4.2
2024-09-30,Q3 2024,Sep,Asia Pacific,Australia,Hardware,Desktop Plus,Raj Patel,Enterprise,Qualified,73,1174.19,64372.62,46442.09,17930.53,24.9,3.8
2024-10-01,Q4 2024,Oct,Europe,Germany,Subscriptions,Basic Plan,James Clarke,SMB,Qualified,38,31.22,942.73,585.89,356.84,9.7,3.1
2024-10-03,Q4 2024,Oct,Europe,UK,Software,Cloud Suite,Sophie Dupont,Government,Lead,14,2332.01,34100.57,19416.16,14684.41,13.5,4.5
2024-10-03,Q4 2024,Oct,Asia Pacific,Japan,Software,Data Platform,Raj Patel,Enterprise,Closed Won,8,2633.52,19043.51,10660.13,8383.38,21.4,4.1
2024-10-03,Q4 2024,Oct,Europe,UK,Software,Security Pro,Hans Mueller,SMB,Qualified,33,1691.19,72472.8,46867.78,25605.02,5.9,4.6
2024-10-04,Q4 2024,Oct,Europe,Germany,Software,Cloud Suite,Hans Mueller,Education,Lead,37,1903.46,80571.06,44459.17,36111.89,17.1,4.2
2024-10-05,Q4 2024,Oct,North America,USA,Subscriptions,Basic Plan,Elena Rodriguez,SMB,Closed Won,401,72.54,27116.19,15855.46,11260.73,0.3,3.8
2024-10-05,Q4 2024,Oct,North America,Canada,Services,Support,Mike Johnson,Education,Closed Won,117,282.22,29251.69,21118.79,8132.9,23.3,4.1
2024-10-05,Q4 2024,Oct,North America,USA,Hardware,Networking Kit,Elena Rodriguez,Government,Proposal,11,1106.51,12286.24,8902.68,3383.56,18.1,3.7
2024-10-06,Q4 2024,Oct,Asia Pacific,Japan,Subscriptions,Basic Plan,Yuki Tanaka,SMB,Lead,102,60.34,8783.59,5395.7,3387.89,0.2,4.0
2024-10-06,Q4 2024,Oct,Europe,Germany,Subscriptions,Basic Plan,Sophie Dupont,SMB,Lead,445,49.82,25094.11,14250.27,10843.84,2.0,3.8
2024-10-06,Q4 2024,Oct,Latin America,Colombia,Subscriptions,Basic Plan,Carlos Silva,Government,Proposal,411,52.43,21943.61,12474.2,9469.41,19.5,4.0
2024-10-07,Q4 2024,Oct,Europe,France,Software,Data Platform,James Clarke,SMB,Lead,26,3174.38,73805.1,45904.69,27900.41,2.8,2.6
2024-10-07,Q4 2024,Oct,Europe,France,Services,Support,James Clarke,Enterprise,Negotiation,100,240.73,17390.34,12838.47,4551.87,14.0,3.6
2024-10-07,Q4 2024,Oct,North America,USA,Software,Security Pro,Elena Rodriguez,Education,Qualified,43,915.24,28852.37,18088.53,10763.84,25.0,3.9
2024-10-08,Q4 2024,Oct,North America,Canada,Software,Security Pro,Elena Rodriguez,Government,Lead,50,1428.5,62626.69,37200.18,25426.51,10.3,2.9
2024-10-09,Q4 2024,Oct,Europe,France,Hardware,Server Rack,Sophie Dupont,Government,Closed Lost,11,3158.13,49452.88,39406.53,10046.35,6.5,3.7
2024-10-10,Q4 2024,Oct,Asia Pacific,India,Hardware,Server Rack,Raj Patel,Government,Closed Lost,28,3183.12,116440.44,84240.84,32199.6,9.9,3.5
2024-10-10,Q4 2024,Oct,North America,USA,Services,Implementation,Mike Johnson,SMB,Closed Lost,88,289.81,28336.95,23111.28,5225.67,3.8,4.4
2024-10-10,Q4 2024,Oct,North America,USA,Hardware,Networking Kit,Elena Rodriguez,SMB,Closed Won,75,1323.48,120504.09,87999.93,32504.16,1.5,3.3
2024-10-10,Q4 2024,Oct,Europe,Germany,Software,Cloud Suite,Hans Mueller,SMB,Lead,49,1260.4,78409.99,48096.74,30313.25,8.0,3.8
2024-10-11,Q4 2024,Oct,Asia Pacific,Japan,Subscriptions,Professional Plan,Raj Patel,Government,Proposal,304,213.91,64521.42,41029.11,23492.31,9.8,4.1
2024-10-11,Q4 2024,Oct,Europe,UK,Subscriptions,Enterprise Plan,James Clarke,SMB,Qualified,306,484.24,121920.4,77632.7,44287.7,6.5,2.5
2024-10-11,Q4 2024,Oct,North America,Canada,Subscriptions,Professional Plan,Elena Rodriguez,SMB,Qualified,345,196.25,59127.19,35966.43,23160.76,6.6,3.5
2024-10-11,Q4 2024,Oct,North America,Canada,Services,Consulting,Sarah Chen,Enterprise,Lead,140,349.57,51258.32,42138.12,9120.2,20.2,4.1
2024-10-12,Q4 2024,Oct,Latin America,Brazil,Hardware,Server Rack,Pedro Morales,Enterprise,Closed Won,84,3535.4,259012.95,198974.14,60038.81,19.8,3.8
2024-10-12,Q4 2024,Oct,Asia Pacific,India,Services,Training,Yuki Tanaka,Education,Lead,53,246.76,14227.93,11383.3,2844.63,20.3,4.2
2024-10-13,Q4 2024,Oct,North America,Canada,Subscriptions,Basic Plan,Elena Rodriguez,SMB,Qualified,452,55.45,21137.72,11878.62,9259.1,9.8,3.2
2024-10-13,Q4 2024,Oct,Latin America,Mexico,Software,Security Pro,Carlos Silva,SMB,Closed Won,26,1781.33,56473.45,31428.52,25044.93,7.8,4.0
2024-10-13,Q4 2024,Oct,Latin America,Colombia,Hardware,Laptop Pro,Carlos Silva,SMB,Closed Won,33,1996.78,108119.77,76809.92,31309.85,1.6,4.3
2024-10-14,Q4 2024,Oct,North America,Canada,Hardware,Desktop Plus,Sarah Chen,Government,Closed Won,46,899.49,70945.25,51269.8,19675.45,5.4,4.5
2024-10-14,Q4 2024,Oct,North America,Canada,Services,Implementation,Mike Johnson,Enterprise,Closed Won,168,229.84,37953.03,31766.14,6186.89,14.9,4.0
2024-10-14,Q4 2024,Oct,North America,Canada,Subscriptions,Basic Plan,Mike Johnson,Enterprise,Proposal,335,65.22,21334.6,13015.62,8318.98,19.3,3.7
2024-10-15,Q4 2024,Oct,Asia Pacific,Australia,Subscriptions,Enterprise Plan,Raj Patel,Enterprise,Closed Won,58,402.25,22609.59,13473.08,9136.51,11.9,3.8
2024-10-15,Q4 2024,Oct,North America,USA,Software,Data Platform,Sarah Chen,Enterprise,Closed Won,18,2779.75,58907.42,37906.68,21000.74,18.1,4.2
2024-10-15,Q4 2024,Oct,Latin America,Colombia,Services,Support,Carlos Silva,Government,Lead,67,215.36,14722.57,11732.27,2990.3,15.5,3.6
2024-10-16,Q4 2024,Oct,North America,USA,Subscriptions,Professional Plan,Sarah Chen,Enterprise,Qualified,161,161.75,28359.47,17614.74,10744.73,20.8,4.8
2024-10-16,Q4 2024,Oct,Europe,UK,Hardware,Laptop Pro,Hans Mueller,Education,Proposal,48,1214.03,84361.29,62061.41,22299.88,16.8,4.8
2024-10-17,Q4 2024,Oct,Europe,Germany,Services,Training,James Clarke,Education,Lead,81,86.14,4776.69,3576.53,1200.16,18.5,3.7
2024-10-17,Q4 2024,Oct,Europe,UK,Hardware,Laptop Pro,Hans Mueller,Enterprise,Closed Won,36,2334.46,118885.46,87970.88,30914.58,18.7,4.5
2024-10-17,Q4 2024,Oct,Europe,France,Subscriptions,Enterprise Plan,Sophie Dupont,SMB,Negotiation,132,326.87,47442.54,28071.23,19371.31,4.8,4.3
2024-10-18,Q4 2024,Oct,North America,Canada,Hardware,Server Rack,Sarah Chen,SMB,Closed Won,56,4223.74,403844.45,304423.22,99421.23,5.8,3.0
2024-10-18,Q4 2024,Oct,North America,Canada,Hardware,Server Rack,Elena Rodriguez,Education,Lead,92,3408.19,299502.36,228550.55,70951.81,22.5,3.5
2024-10-18,Q4 2024,Oct,Latin America,Brazil,Subscriptions,Enterprise Plan,Carlos Silva,Enterprise,Closed Won,262,489.14,126288.11,82081.19,44206.92,22.1,3.4
2024-10-18,Q4 2024,Oct,North America,Canada,Hardware,Desktop Plus,Mike Johnson,Education,Qualified,27,1902.03,69460.46,50285.4,19175.06,15.2,3.6
2024-10-19,Q4 2024,Oct,Asia Pacific,Japan,Subscriptions,Professional Plan,Liam Zhang,SMB,Lead,302,106.59,31677.07,19002.02,12675.05,0.6,3.2
2024-10-20,Q4 2024,Oct,Asia Pacific,Australia,Subscriptions,Professional Plan,Yuki Tanaka,SMB,Lead,492,113.71,73361.66,47661.29,25700.37,8.3,3.7
2024-10-21,Q4 2024,Oct,North America,Canada,Hardware,Server Rack,Sarah Chen,SMB,Qualified,80,3380.84,480907.59,362687.93,118219.66,1.9,4.0
2024-10-21,Q4 2024,Oct,North America,Canada,Subscriptions,Enterprise Plan,Mike Johnson,Enterprise,Closed Lost,119,587.88,67380.48,42930.87,24449.61,20.4,4.0
2024-10-21,Q4 2024,Oct,Latin America,Mexico,Subscriptions,Enterprise Plan,Carlos Silva,Government,Closed Won,220,392.78,96412.01,55162.17,41249.84,11.8,3.7
2024-10-22,Q4 2024,Oct,North America,USA,Hardware,Desktop Plus,Mike Johnson,SMB,Closed Won,72,1788.05,201643.55,142994.92,58648.63,1.8,3.3
2024-10-23,Q4 2024,Oct,Europe,France,Subscriptions,Professional Plan,Hans Mueller,Enterprise,Closed Won,210,96.12,20516.24,12074.4,8441.84,23.0,4.1
2024-10-23,Q4 2024,Oct,Europe,Germany,Services,Consulting,James Clarke,SMB,Proposal,175,335.33,47765.41,40784.11,6981.3,3.1,3.3
2024-10-23,Q4 2024,Oct,North America,USA,Subscriptions,Basic Plan,Mike Johnson,SMB,Proposal,122,44.03,6025.23,3639.81,2385.42,7.3,3.7
2024-10-23,Q4 2024,Oct,Europe,France,Subscriptions,Enterprise Plan,Sophie Dupont,SMB,Closed Won,326,352.94,127443.91,77694.12,49749.79,4.1,3.6
2024-10-23,Q4 2024,Oct,Europe,France,Software,Data Platform,Hans Mueller,SMB,Proposal,13,3489.12,57211.66,34475.65,22736.01,8.6,4.4
2024-10-24,Q4 2024,Oct,Latin America,Brazil,Software,Security Pro,Carlos Silva,Government,Negotiation,3,839.87,2849.02,1603.61,1245.41,14.5,4.4
2024-10-24,Q4 2024,Oct,Europe,France,Services,Training,Sophie Dupont,SMB,Lead,85,209.77,19422.17,14011.12,5411.05,1.2,3.8
2024-10-24,Q4 2024,Oct,Asia Pacific,Japan,Subscriptions,Professional Plan,Raj Patel,SMB,Qualified,344,237.03,88526.15,53520.29,35005.86,1.3,3.4
2024-10-25,Q4 2024,Oct,Latin America,Brazil,Services,Implementation,Ana Gutierrez,SMB,Closed Lost,33,306.8,10079.42,8528.08,1551.34,9.7,3.8
2024-10-25,Q4 2024,Oct,North America,Canada,Software,Data Platform,Mike Johnson,SMB,Closed Won,20,1526.7,37891.63,23370.95,14520.68,1.9,4.0
2024-10-25,Q4 2024,Oct,Latin America,Colombia,Services,Implementation,Ana Gutierrez,SMB,Lead,67,501.28,35436.08,28508.45,6927.63,4.3,4.1
2024-10-25,Q4 2024,Oct,Europe,France,Subscriptions,Enterprise Plan,Sophie Dupont,SMB,Closed Won,16,788.23,13182.67,8411.03,4771.64,9.5,3.6
2024-10-29,Q4 2024,Oct,North America,Canada,Services,Training,Elena Rodriguez,SMB,Proposal,145,113.43,13974.66,11203.63,2771.03,4.8,3.9
2024-10-30,Q4 2024,Oct,Latin America,Mexico,Subscriptions,Enterprise Plan,Pedro Morales,Enterprise,Proposal,480,738.06,254860.97,145779.08,109081.89,12.8,3.0
2024-10-30,Q4 2024,Oct,Asia Pacific,India,Software,Security Pro,Liam Zhang,SMB,Closed Won,39,749.3,28309.78,15797.65,12512.13,6.4,2.9
2024-10-30,Q4 2024,Oct,Asia Pacific,India,Subscriptions,Basic Plan,Liam Zhang,SMB,Lead,385,62.89,21789.21,12626.89,9162.32,9.1,3.1
2024-10-31,Q4 2024,Oct,North America,USA,Services,Training,Mike Johnson,SMB,Lead,187,175.11,35665.33,26342.99,9322.34,5.7,3.0
2024-11-01,Q4 2024,Nov,North America,Canada,Hardware,Server Rack,Elena Rodriguez,SMB,Proposal,93,4083.02,461921.88,333628.78,128293.1,1.3,3.8
2024-11-01,Q4 2024,Nov,Europe,France,Software,Cloud Suite,Sophie Dupont,SMB,Lead,48,1997.16,109273.09,70217.89,39055.2,5.6,3.8
2024-11-01,Q4 2024,Nov,North America,USA,Subscriptions,Professional Plan,Elena Rodriguez,SMB,Lead,98,118.03,10209.44,5889.81,4319.63,5.6,3.1
2024-11-01,Q4 2024,Nov,Europe,UK,Hardware,Server Rack,Sophie Dupont,Enterprise,Closed Won,39,3108.58,142126.38,99810.44,42315.94,23.0,3.8
2024-11-01,Q4 2024,Nov,Europe,Germany,Subscriptions,Professional Plan,Hans Mueller,SMB,Closed Lost,187,117.51,27990.95,16537.44,11453.51,3.5,4.2
2024-11-02,Q4 2024,Nov,Asia Pacific,India,Hardware,Server Rack,Raj Patel,Education,Closed Won,97,4314.33,507900.4,365386.79,142513.61,16.3,3.5
2024-11-02,Q4 2024,Nov,Latin America,Mexico,Services,Training,Ana Gutierrez,Enterprise,Closed Won,27,134.73,3461.13,2612.35,848.78,13.7,3.9
2024-11-02,Q4 2024,Nov,Europe,Germany,Software,Data Platform,Hans Mueller,SMB,Closed Won,10,3168.38,40444.37,25825.8,14618.57,7.5,4.3
2024-11-02,Q4 2024,Nov,Asia Pacific,India,Subscriptions,Professional Plan,Yuki Tanaka,Enterprise,Lead,141,99.25,17510.31,10838.77,6671.54,12.5,4.0
2024-11-02,Q4 2024,Nov,North America,USA,Hardware,Laptop Pro,Elena Rodriguez,Education,Closed Lost,100,1712.21,174732.74,129754.2,44978.54,17.2,3.8
2024-11-03,Q4 2024,Nov,Europe,UK,Subscriptions,Basic Plan,Sophie Dupont,SMB,Qualified,131,70.66,10573.61,6426.26,4147.35,1.1,3.7
2024-11-04,Q4 2024,Nov,North America,USA,Subscriptions,Enterprise Plan,Sarah Chen,SMB,Closed Won,459,354.53,222410.23,132307.54,90102.69,0.6,4.2
2024-11-04,Q4 2024,Nov,Europe,Germany,Services,Support,James Clarke,Government,Proposal,95,183.98,12479.36,8741.87,3737.49,15.0,3.6
2024-11-05,Q4 2024,Nov,North America,Canada,Subscriptions,Enterprise Plan,Sarah Chen,Enterprise,Proposal,175,627.43,124101.73,76221.64,47880.09,17.8,4.5
2024-11-06,Q4 2024,Nov,Latin America,Brazil,Services,Training,Carlos Silva,Enterprise,Closed Lost,150,101.41,16035.16,11557.28,4477.88,12.7,3.5
2024-11-06,Q4 2024,Nov,Asia Pacific,India,Hardware,Server Rack,Yuki Tanaka,Education,Lead,71,3496.63,363145.87,282408.6,80737.27,22.4,4.6
2024-11-06,Q4 2024,Nov,Europe,France,Subscriptions,Basic Plan,Hans Mueller,SMB,Negotiation,140,61.03,11165.56,6304.91,4860.65,1.0,4.0
2024-11-06,Q4 2024,Nov,North America,USA,Software,Security Pro,Sarah Chen,Enterprise,Closed Won,4,1254.31,5654.43,3466.68,2187.75,21.6,4.3
2024-11-07,Q4 2024,Nov,Europe,Germany,Hardware,Networking Kit,James Clarke,SMB,Lead,77,898.98,75880.56,60090.48,15790.08,5.5,2.3
2024-11-07,Q4 2024,Nov,North America,USA,Services,Implementation,Elena Rodriguez,SMB,Proposal,92,509.67,41723.46,31519.68,10203.78,0.3,3.9
2024-11-08,Q4 2024,Nov,Asia Pacific,Australia,Subscriptions,Enterprise Plan,Yuki Tanaka,Enterprise,Proposal,15,372.62,7161.46,4325.19,2836.27,10.4,4.6
2024-11-08,Q4 2024,Nov,North America,Canada,Services,Training,Elena Rodriguez,SMB,Proposal,190,242.18,38234.0,27746.26,10487.74,6.9,3.1
2024-11-09,Q4 2024,Nov,North America,USA,Hardware,Server Rack,Sarah Chen,Enterprise,Qualified,38,4464.32,271812.36,213807.44,58004.92,11.6,4.9
2024-11-09,Q4 2024,Nov,North America,Canada,Software,Cloud Suite,Elena Rodriguez,Enterprise,Closed Won,35,1917.19,50833.69,31085.76,19747.93,22.5,2.6
2024-11-09,Q4 2024,Nov,Asia Pacific,Australia,Software,Security Pro,Yuki Tanaka,Enterprise,Closed Won,40,1416.71,66335.18,39528.58,26806.6,21.7,4.1
2024-11-10,Q4 2024,Nov,North America,USA,Software,Security Pro,Sarah Chen,Enterprise,Lead,19,1287.09,31392.21,19130.21,12262.0,10.7,4.2
2024-11-10,Q4 2024,Nov,North America,Canada,Services,Implementation,Sarah Chen,Enterprise,Qualified,111,431.55,54698.15,42456.14,12242.01,13.0,4.3
2024-11-11,Q4 2024,Nov,Asia Pacific,Japan,Software,Security Pro,Yuki Tanaka,Enterprise,Lead,1,550.65,707.15,459.28,247.87,14.1,4.7
2024-11-11,Q4 2024,Nov,Asia Pacific,India,Software,Cloud Suite,Yuki Tanaka,SMB,Negotiation,9,1436.73,19195.88,11589.58,7606.3,0.7,4.0
2024-11-12,Q4 2024,Nov,Europe,Germany,Software,Data Platform,James Clarke,SMB,Closed Won,22,2280.92,46027.32,28426.06,17601.26,0.3,3.5
2024-11-12,Q4 2024,Nov,Latin America,Colombia,Software,Data Platform,Pedro Morales,Enterprise,Closed Won,12,3237.12,29081.64,17539.99,11541.65,13.2,3.1
2024-11-13,Q4 2024,Nov,Europe,Germany,Services,Support,Sophie Dupont,SMB,Lead,60,105.2,6645.83,4937.47,1708.36,4.5,2.7
2024-11-13,Q4 2024,Nov,Europe,Germany,Services,Support,James Clarke,Enterprise,Lead,135,264.01,25926.94,20457.64,5469.3,13.4,3.3
2024-11-13,Q4 2024,Nov,Europe,Germany,Hardware,Laptop Pro,James Clarke,SMB,Lead,84,1383.53,134002.3,96592.97,37409.33,0.6,3.2
2024-11-13,Q4 2024,Nov,Europe,France,Software,Data Platform,James Clarke,Enterprise,Proposal,36,2586.07,76400.37,43308.46,33091.91,10.8,3.5
2024-11-13,Q4 2024,Nov,North America,Canada,Software,Data Platform,Elena Rodriguez,Enterprise,Lead,8,1218.41,7546.15,4492.57,3053.58,20.8,3.3
2024-11-14,Q4 2024,Nov,North America,Canada,Hardware,Server Rack,Elena Rodriguez,Enterprise,Negotiation,84,3462.56,275670.23,199961.94,75708.29,23.1,3.2
2024-11-14,Q4 2024,Nov,Europe,France,Services,Consulting,James Clarke,Enterprise,Closed Won,178,438.48,54875.0,43038.02,11836.98,16.3,3.5
2024-11-15,Q4 2024,Nov,North America,USA,Subscriptions,Professional Plan,Elena Rodriguez,SMB,Lead,333,205.1,59899.66,34256.61,25643.05,6.2,3.3
2024-11-15,Q4 2024,Nov,Europe,France,Software,Cloud Suite,Hans Mueller,Enterprise,Proposal,9,1100.33,10604.89,6814.37,3790.52,22.4,4.6
2024-11-15,Q4 2024,Nov,North America,Canada,Software,Data Platform,Sarah Chen,Enterprise,Lead,44,2214.79,120473.5,76634.55,43838.95,14.0,4.2
2024-11-15,Q4 2024,Nov,Latin America,Mexico,Subscriptions,Enterprise Plan,Ana Gutierrez,Education,Proposal,181,402.24,67860.86,38759.02,29101.84,19.3,4.1
2024-11-15,Q4 2024,Nov,Asia Pacific,India,Hardware,Desktop Plus,Yuki Tanaka,Enterprise,Negotiation,69,840.11,97686.4,70933.12,26753.28,10.6,3.7
2024-11-16,Q4 2024,Nov,North America,USA,Services,Consulting,Mike Johnson,Enterprise,Closed Won,153,205.16,28242.53,23248.57,4993.96,22.1,3.7
2024-11-16,Q4 2024,Nov,Europe,Germany,Software,Data Platform,Sophie Dupont,SMB,Proposal,37,3000.49,121453.28,67069.77,54383.51,9.4,4.0
2024-11-17,Q4 2024,Nov,North America,Canada,Hardware,Laptop Pro,Elena Rodriguez,SMB,Proposal,54,2872.19,186188.48,148768.97,37419.51,2.6,3.0
2024-11-17,Q4 2024,Nov,Europe,France,Services,Training,James Clarke,Enterprise,Proposal,97,227.75,15309.58,11877.12,3432.46,17.5,3.3
2024-11-17,Q4 2024,Nov,Europe,Germany,Subscriptions,Professional Plan,James Clarke,SMB,Closed Lost,178,207.83,30796.55,17814.39,12982.16,5.4,3.1
2024-11-18,Q4 2024,Nov,North America,Canada,Services,Support,Mike Johnson,SMB,Qualified,14,299.21,4775.33,3438.32,1337.01,1.3,3.9
2024-11-18,Q4 2024,Nov,North America,Canada,Services,Training,Mike Johnson,Enterprise,Closed Won,91,63.17,5371.34,4291.93,1079.41,19.1,3.0
2024-11-19,Q4 2024,Nov,Latin America,Colombia,Software,Cloud Suite,Ana Gutierrez,Enterprise,Proposal,49,857.87,43144.32,27517.26,15627.06,15.0,3.5
2024-11-20,Q4 2024,Nov,Latin America,Colombia,Hardware,Laptop Pro,Pedro Morales,SMB,Negotiation,24,1313.26,31362.62,23753.99,7608.63,8.5,3.3
2024-11-20,Q4 2024,Nov,Asia Pacific,Japan,Software,Security Pro,Liam Zhang,SMB,Qualified,49,1545.42,75632.82,45254.13,30378.69,3.5,3.8
2024-11-21,Q4 2024,Nov,North America,Canada,Hardware,Laptop Pro,Sarah Chen,SMB,Closed Won,24,2626.57,105572.35,78226.64,27345.71,7.6,3.7
2024-11-21,Q4 2024,Nov,Asia Pacific,India,Software,Security Pro,Raj Patel,Enterprise,Proposal,1,1605.7,1394.15,849.72,544.43,24.5,4.6
2024-11-22,Q4 2024,Nov,North America,USA,Subscriptions,Professional Plan,Elena Rodriguez,Government,Negotiation,390,94.41,32602.0,20481.04,12120.96,5.3,3.5
2024-11-22,Q4 2024,Nov,North America,Canada,Services,Implementation,Mike Johnson,Enterprise,Lead,56,294.59,14423.94,11647.91,2776.03,24.3,4.2
2024-11-22,Q4 2024,Nov,Europe,UK,Services,Consulting,Hans Mueller,Education,Lead,196,409.09,79913.83,65839.86,14073.97,20.9,4.3
2024-11-23,Q4 2024,Nov,Europe,Germany,Software,Security Pro,Hans Mueller,Enterprise,Closed Won,50,1090.34,66581.61,40768.17,25813.44,11.5,4.3
2024-11-23,Q4 2024,Nov,North America,USA,Services,Training,Sarah Chen,Enterprise,Lead,94,228.37,21948.44,15871.55,6076.89,22.1,4.0
2024-11-23,Q4 2024,Nov,Latin America,Colombia,Hardware,Server Rack,Ana Gutierrez,SMB,Qualified,11,3211.42,52868.94,39128.84,13740.1,1.7,3.4
2024-11-24,Q4 2024,Nov,North America,Canada,Subscriptions,Professional Plan,Sarah Chen,Government,Lead,150,155.78,25960.74,15798.29,10162.45,19.2,4.1
2024-11-24,Q4 2024,Nov,Asia Pacific,Australia,Hardware,Desktop Plus,Liam Zhang,Enterprise,Qualified,4,1076.73,4676.28,3709.2,967.08,16.8,3.0
2024-11-24,Q4 2024,Nov,Europe,UK,Subscriptions,Enterprise Plan,Hans Mueller,SMB,Closed Lost,165,565.4,116863.77,75807.77,41056.0,5.1,3.2
2024-11-24,Q4 2024,Nov,North America,USA,Subscriptions,Basic Plan,Mike Johnson,Enterprise,Lead,86,58.33,4734.46,2716.89,2017.57,22.0,3.1
2024-11-24,Q4 2024,Nov,Europe,Germany,Subscriptions,Professional Plan,James Clarke,SMB,Proposal,423,118.42,41964.79,23764.64,18200.15,4.8,2.8
2024-11-24,Q4 2024,Nov,North America,Canada,Subscriptions,Basic Plan,Sarah Chen,SMB,Proposal,499,25.18,16861.99,9843.45,7018.54,2.4,3.3
2024-11-25,Q4 2024,Nov,North America,USA,Subscriptions,Enterprise Plan,Elena Rodriguez,Education,Negotiation,85,693.99,43020.79,27865.29,15155.5,22.0,3.6
2024-11-27,Q4 2024,Nov,Europe,France,Hardware,Server Rack,Sophie Dupont,SMB,Qualified,38,3303.6,184440.24,139543.62,44896.62,3.5,3.8
2024-11-28,Q4 2024,Nov,North America,Canada,Subscriptions,Basic Plan,Sarah Chen,Enterprise,Proposal,291,60.79,21429.09,13780.18,7648.91,11.9,4.3
2024-11-29,Q4 2024,Nov,Latin America,Colombia,Hardware,Networking Kit,Pedro Morales,Enterprise,Lead,78,1070.76,81653.67,61364.16,20289.51,10.1,3.5
2024-11-29,Q4 2024,Nov,North America,USA,Subscriptions,Professional Plan,Elena Rodriguez,SMB,Closed Lost,60,146.24,8072.8,4662.66,3410.14,1.6,3.2
2024-11-30,Q4 2024,Nov,North America,Canada,Hardware,Laptop Pro,Mike Johnson,SMB,Negotiation,42,1268.24,83515.09,60210.97,23304.12,1.7,3.1
2024-11-30,Q4 2024,Nov,North America,USA,Subscriptions,Professional Plan,Sarah Chen,SMB,Proposal,120,113.84,18445.5,11526.07,6919.43,1.8,3.0
2024-11-30,Q4 2024,Nov,Europe,UK,Hardware,Networking Kit,James Clarke,Enterprise,Qualified,41,1066.48,43722.18,31781.6,11940.58,13.8,3.9
2024-11-30,Q4 2024,Nov,Latin America,Brazil,Services,Consulting,Ana Gutierrez,Education,Closed Won,20,379.5,6652.54,5800.5,852.04,20.5,4.1
2024-12-01,Q4 2024,Dec,North America,Canada,Services,Support,Sarah Chen,Government,Proposal,185,365.16,75188.27,59378.63,15809.64,15.2,4.3
2024-12-01,Q4 2024,Dec,Europe,Germany,Software,Data Platform,James Clarke,Government,Lead,36,1555.22,46564.03,29748.81,16815.22,9.6,3.5
2024-12-01,Q4 2024,Dec,Europe,UK,Subscriptions,Enterprise Plan,Hans Mueller,Enterprise,Negotiation,51,651.62,33251.23,20835.33,12415.9,24.2,4.2
2024-12-02,Q4 2024,Dec,Europe,France,Services,Support,James Clarke,Enterprise,Closed Lost,136,271.3,25476.5,18861.55,6614.95,17.8,3.4
2024-12-03,Q4 2024,Dec,Asia Pacific,India,Subscriptions,Basic Plan,Liam Zhang,SMB,Lead,75,40.53,2888.98,1634.36,1254.62,4.0,3.5
2024-12-03,Q4 2024,Dec,North America,USA,Services,Support,Elena Rodriguez,SMB,Lead,172,206.44,31658.91,23049.55,8609.36,0.1,3.0
2024-12-03,Q4 2024,Dec,Europe,France,Subscriptions,Professional Plan,Sophie Dupont,SMB,Proposal,128,115.58,15686.18,8938.59,6747.59,8.2,4.0
2024-12-03,Q4 2024,Dec,Europe,France,Hardware,Server Rack,Hans Mueller,SMB,Lead,17,4693.94,125100.92,99637.24,25463.68,9.9,3.5
2024-12-05,Q4 2024,Dec,Europe,UK,Software,Cloud Suite,James Clarke,Government,Proposal,35,2212.68,65904.67,42095.87,23808.8,7.5,3.0
2024-12-06,Q4 2024,Dec,Europe,France,Hardware,Networking Kit,James Clarke,Education,Proposal,37,859.11,29535.27,22422.6,7112.67,19.9,3.6
2024-12-07,Q4 2024,Dec,Europe,France,Subscriptions,Basic Plan,Hans Mueller,Enterprise,Qualified,460,61.41,30427.13,19120.1,11307.03,18.4,4.5
2024-12-07,Q4 2024,Dec,Asia Pacific,Japan,Software,Security Pro,Liam Zhang,Enterprise,Qualified,46,1029.9,38099.06,21336.61,16762.45,22.3,3.7
2024-12-08,Q4 2024,Dec,Europe,Germany,Subscriptions,Basic Plan,Sophie Dupont,Enterprise,Closed Won,169,53.96,9047.61,5477.3,3570.31,14.1,4.5
2024-12-08,Q4 2024,Dec,Asia Pacific,Japan,Software,Cloud Suite,Yuki Tanaka,SMB,Proposal,48,2234.22,148303.06,89190.62,59112.44,7.5,3.8
2024-12-10,Q4 2024,Dec,Europe,Germany,Software,Security Pro,Hans Mueller,SMB,Qualified,24,839.49,25885.44,16555.55,9329.89,6.9,3.2
2024-12-10,Q4 2024,Dec,Latin America,Colombia,Services,Support,Pedro Morales,Government,Closed Won,62,110.68,4917.6,3544.0,1373.6,9.0,2.5
2024-12-10,Q4 2024,Dec,Asia Pacific,Australia,Services,Support,Yuki Tanaka,SMB,Closed Won,60,396.45,32241.97,24193.16,8048.81,0.7,3.3
2024-12-11,Q4 2024,Dec,Asia Pacific,India,Software,Security Pro,Liam Zhang,Government,Negotiation,7,1546.88,10288.16,6590.41,3697.75,8.2,3.1
2024-12-11,Q4 2024,Dec,North America,Canada,Services,Implementation,Mike Johnson,Enterprise,Lead,51,746.54,34652.25,29218.17,5434.08,21.2,3.3
2024-12-11,Q4 2024,Dec,Latin America,Mexico,Subscriptions,Basic Plan,Pedro Morales,SMB,Closed Won,265,33.67,7287.49,4374.68,2912.81,1.0,2.9
2024-12-11,Q4 2024,Dec,Asia Pacific,India,Software,Data Platform,Liam Zhang,SMB,Closed Lost,25,2994.19,74143.26,45564.15,28579.11,4.3,3.0
2024-12-11,Q4 2024,Dec,Asia Pacific,Japan,Subscriptions,Basic Plan,Raj Patel,Education,Closed Lost,132,33.82,3795.94,2180.06,1615.88,22.7,4.4
2024-12-12,Q4 2024,Dec,Europe,France,Subscriptions,Basic Plan,Hans Mueller,Education,Negotiation,463,69.96,32366.86,19747.02,12619.84,24.3,4.9
2024-12-12,Q4 2024,Dec,North America,Canada,Subscriptions,Professional Plan,Mike Johnson,Education,Proposal,110,119.75,12527.84,7003.46,5524.38,21.4,3.7
2024-12-12,Q4 2024,Dec,Europe,France,Services,Support,Hans Mueller,Government,Lead,182,398.08,84075.98,59703.55,24372.43,7.9,3.9
2024-12-12,Q4 2024,Dec,Europe,UK,Hardware,Networking Kit,James Clarke,Government,Closed Won,85,979.72,88485.96,62272.49,26213.47,8.4,3.4
2024-12-12,Q4 2024,Dec,Europe,France,Services,Implementation,Sophie Dupont,Government,Proposal,123,289.75,31905.33,24289.05,7616.28,18.8,4.3
2024-12-12,Q4 2024,Dec,Europe,Germany,Services,Training,Hans Mueller,Enterprise,Closed Won,39,173.75,7060.99,5520.95,1540.04,17.3,4.2
2024-12-13,Q4 2024,Dec,North America,Canada,Hardware,Laptop Pro,Sarah Chen,SMB,Lead,71,2446.42,314194.03,250437.3,63756.73,0.2,3.6
2024-12-13,Q4 2024,Dec,Asia Pacific,Australia,Software,Cloud Suite,Raj Patel,Government,Proposal,17,2232.64,38541.28,24870.59,13670.69,11.7,3.5
2024-12-14,Q4 2024,Dec,North America,Canada,Services,Training,Mike Johnson,SMB,Closed Lost,134,215.76,31589.94,25873.77,5716.17,5.4,3.3
2024-12-15,Q4 2024,Dec,Latin America,Colombia,Services,Consulting,Carlos Silva,Enterprise,Closed Lost,169,368.46,65791.87,56694.58,9097.29,12.5,4.2
2024-12-16,Q4 2024,Dec,North America,Canada,Services,Support,Elena Rodriguez,SMB,Closed Won,7,374.24,2188.43,1662.54,525.89,6.4,3.0
2024-12-16,Q4 2024,Dec,Europe,UK,Software,Security Pro,Sophie Dupont,Education,Closed Won,13,1608.62,20579.82,13075.07,7504.75,18.5,3.8
2024-12-16,Q4 2024,Dec,Asia Pacific,India,Subscriptions,Professional Plan,Yuki Tanaka,Enterprise,Lead,121,177.11,25680.8,14250.93,11429.87,16.2,4.0
2024-12-17,Q4 2024,Dec,North America,Canada,Services,Support,Sarah Chen,SMB,Closed Lost,168,393.93,85732.36,63165.15,22567.21,1.3,4.5
2024-12-17,Q4 2024,Dec,Europe,Germany,Subscriptions,Professional Plan,James Clarke,SMB,Lead,97,237.7,19762.53,10947.57,8814.96,2.6,2.5
2024-12-17,Q4 2024,Dec,Asia Pacific,Australia,Services,Training,Yuki Tanaka,Government,Closed Won,30,174.57,6133.53,4931.23,1202.3,14.2,4.2
2024-12-18,Q4 2024,Dec,Asia Pacific,Australia,Services,Support,Yuki Tanaka,Government,Lead,177,130.27,25808.58,19350.78,6457.8,18.0,3.9
2024-12-18,Q4 2024,Dec,Europe,France,Software,Data Platform,Sophie Dupont,SMB,Closed Won,45,1772.15,87146.25,52821.24,34325.01,9.5,3.6
2024-12-19,Q4 2024,Dec,North America,USA,Services,Training,Mike Johnson,Education,Proposal,125,118.94,13720.4,10145.82,3574.58,20.1,4.1
2024-12-19,Q4 2024,Dec,North America,Canada,Subscriptions,Basic Plan,Elena Rodriguez,Enterprise,Lead,34,59.08,1656.53,1052.29,604.24,11.8,3.5
2024-12-19,Q4 2024,Dec,Europe,France,Hardware,Desktop Plus,Hans Mueller,Enterprise,Qualified,60,1643.64,138134.79,110256.51,27878.28,19.5,4.7
2024-12-19,Q4 2024,Dec,Europe,UK,Services,Implementation,James Clarke,SMB,Lead,84,672.68,45755.59,34440.71,11314.88,3.6,2.7
2024-12-20,Q4 2024,Dec,North America,Canada,Services,Support,Elena Rodriguez,SMB,Qualified,7,176.23,1023.93,753.65,270.28,7.0,3.3
2024-12-21,Q4 2024,Dec,North America,Canada,Subscriptions,Basic Plan,Elena Rodriguez,SMB,Negotiation,241,37.0,7787.13,4880.09,2907.04,6.6,2.9
2024-12-21,Q4 2024,Dec,Europe,France,Services,Support,James Clarke,SMB,Closed Won,187,255.46,39967.15,30604.83,9362.32,0.4,3.2
2024-12-21,Q4 2024,Dec,Europe,France,Services,Implementation,Hans Mueller,Government,Proposal,24,603.48,14982.62,11263.52,3719.1,17.9,3.4
2024-12-21,Q4 2024,Dec,Asia Pacific,Japan,Subscriptions,Basic Plan,Liam Zhang,SMB,Lead,278,49.68,12743.17,8142.54,4600.63,6.8,3.2
2024-12-21,Q4 2024,Dec,North America,USA,Hardware,Server Rack,Sarah Chen,SMB,Lead,60,4192.36,418077.86,322946.39,95131.47,8.3,3.5
2024-12-22,Q4 2024,Dec,North America,Canada,Software,Data Platform,Mike Johnson,Government,Lead,23,2734.89,71137.03,46028.05,25108.98,10.6,3.8
2024-12-22,Q4 2024,Dec,Europe,Germany,Software,Data Platform,James Clarke,Education,Proposal,11,1212.59,9461.26,5516.59,3944.67,22.9,3.5
2024-12-22,Q4 2024,Dec,North America,USA,Hardware,Desktop Plus,Mike Johnson,Enterprise,Lead,18,1915.86,48898.86,34587.05,14311.81,11.1,3.7
2024-12-22,Q4 2024,Dec,Latin America,Colombia,Hardware,Laptop Pro,Carlos Silva,SMB,Lead,71,2113.82,232241.68,182759.38,49482.3,7.2,3.8
2024-12-22,Q4 2024,Dec,Europe,UK,Software,Data Platform,Sophie Dupont,SMB,Lead,34,1331.88,51235.47,31526.33,19709.14,6.3,3.4
2024-12-23,Q4 2024,Dec,Europe,UK,Services,Training,James Clarke,Enterprise,Lead,14,191.36,1710.3,1288.04,422.26,24.0,3.3
2024-12-23,Q4 2024,Dec,North America,USA,Software,Security Pro,Elena Rodriguez,SMB,Closed Won,26,1171.39,27478.52,15201.55,12276.97,7.7,3.5
2024-12-23,Q4 2024,Dec,Europe,France,Subscriptions,Professional Plan,Hans Mueller,SMB,Closed Lost,363,151.28,67775.65,39596.99,28178.66,6.5,3.7
2024-12-23,Q4 2024,Dec,Latin America,Mexico,Subscriptions,Professional Plan,Pedro Morales,SMB,Lead,205,244.69,40100.32,22814.53,17285.79,3.1,3.2
2024-12-23,Q4 2024,Dec,North America,USA,Hardware,Server Rack,Mike Johnson,SMB,Negotiation,2,4220.81,12414.16,9696.1,2718.06,7.8,3.9
2024-12-23,Q4 2024,Dec,Asia Pacific,Australia,Services,Support,Raj Patel,Government,Closed Won,196,162.39,27304.03,20807.57,6496.46,18.3,3.5
2024-12-23,Q4 2024,Dec,Asia Pacific,Japan,Software,Data Platform,Yuki Tanaka,Enterprise,Lead,13,2809.82,43850.91,25819.65,18031.26,19.7,4.7
2024-12-23,Q4 2024,Dec,North America,Canada,Software,Security Pro,Mike Johnson,Enterprise,Qualified,25,1742.0,46992.41,26698.52,20293.89,14.7,3.6
2024-12-24,Q4 2024,Dec,Europe,France,Software,Cloud Suite,Sophie Dupont,SMB,Closed Won,21,1428.25,35854.68,20986.74,14867.94,1.0,3.6
2024-12-24,Q4 2024,Dec,North America,Canada,Services,Support,Mike Johnson,Government,Lead,182,137.65,26765.25,20380.3,6384.95,7.5,3.1
2024-12-25,Q4 2024,Dec,Asia Pacific,Australia,Hardware,Networking Kit,Raj Patel,Government,Lead,68,873.69,79598.75,62337.29,17261.46,7.6,4.0
2024-12-25,Q4 2024,Dec,North America,USA,Hardware,Server Rack,Elena Rodriguez,Enterprise,Closed Lost,37,4066.76,155967.17,117269.37,38697.8,15.9,3.3
2024-12-25,Q4 2024,Dec,North America,USA,Subscriptions,Professional Plan,Sarah Chen,SMB,Qualified,72,217.42,20469.88,12009.53,8460.35,4.9,3.5
2024-12-26,Q4 2024,Dec,North America,Canada,Hardware,Desktop Plus,Mike Johnson,SMB,Proposal,44,1309.47,83535.83,62676.05,20859.78,9.1,3.7
2024-12-26,Q4 2024,Dec,Europe,UK,Hardware,Server Rack,Hans Mueller,Government,Lead,10,4887.9,78840.85,56206.94,22633.91,7.3,4.4
2024-12-27,Q4 2024,Dec,Europe,France,Software,Data Platform,James Clarke,Enterprise,Proposal,28,2318.92,53463.16,30861.01,22602.15,10.5,3.3
2024-12-27,Q4 2024,Dec,North America,Canada,Subscriptions,Professional Plan,Mike Johnson,Education,Qualified,424,189.21,80278.79,48650.66,31628.13,17.3,4.1
2024-12-27,Q4 2024,Dec,Europe,France,Software,Cloud Suite,Hans Mueller,Enterprise,Closed Lost,4,821.84,3960.41,2499.36,1461.05,12.7,4.1
2024-12-27,Q4 2024,Dec,Asia Pacific,India,Services,Consulting,Raj Patel,Government,Closed Won,9,462.37,4002.37,3190.05,812.32,8.4,3.7
2024-12-28,Q4 2024,Dec,Europe,France,Services,Consulting,Sophie Dupont,Enterprise,Lead,143,429.81,59631.24,50965.18,8666.06,12.0,4.1
2024-12-28,Q4 2024,Dec,North America,Canada,Software,Data Platform,Mike Johnson,Enterprise,Qualified,6,1858.63,12244.88,7595.73,4649.15,13.2,3.8
2024-12-28,Q4 2024,Dec,North America,USA,Hardware,Networking Kit,Mike Johnson,SMB,Negotiation,37,625.01,33934.17,24012.49,9921.68,8.0,3.9
2024-12-28,Q4 2024,Dec,Europe,France,Hardware,Desktop Plus,James Clarke,SMB,Lead,40,1075.46,47206.67,36735.41,10471.26,5.4,3.2
2024-12-28,Q4 2024,Dec,Europe,UK,Services,Training,Sophie Dupont,Enterprise,Negotiation,67,197.88,11927.39,8592.08,3335.31,18.4,4.1
2024-12-28,Q4 2024,Dec,North America,USA,Subscriptions,Professional Plan,Mike Johnson,SMB,Lead,325,163.52,61346.24,37088.32,24257.92,4.6,4.4
2024-12-28,Q4 2024,Dec,Asia Pacific,India,Software,Cloud Suite,Liam Zhang,Education,Lead,16,1684.78,22431.57,13885.43,8546.14,19.6,3.4
2024-12-29,Q4 2024,Dec,Europe,UK,Hardware,Laptop Pro,Hans Mueller,Enterprise,Closed Won,74,1826.89,190536.59,143743.74,46792.85,19.0,4.4
2024-12-29,Q4 2024,Dec,Asia Pacific,India,Services,Support,Yuki Tanaka,Government,Closed Won,174,114.69,24924.62,18997.29,5927.33,8.5,4.0
2024-12-30,Q4 2024,Dec,North America,Canada,Subscriptions,Basic Plan,Elena Rodriguez,Education,Closed Lost,311,52.05,11366.65,6499.65,4867.0,24.9,3.4
2024-12-30,Q4 2024,Dec,North America,Canada,Software,Security Pro,Sarah Chen,Education,Closed Won,25,697.91,20190.32,11479.62,8710.7,19.5,3.7
2024-12-30,Q4 2024,Dec,North America,USA,Hardware,Networking Kit,Mike Johnson,Enterprise,Qualified,92,1083.32,132577.96,103683.53,28894.43,16.6,4.0
2024-12-30,Q4 2024,Dec,Asia Pacific,Japan,Services,Implementation,Yuki Tanaka,SMB,Closed Won,137,650.49,120915.01,94778.36,26136.65,0.6,4.0
2024-12-31,Q4 2024,Dec,North America,USA,Services,Training,Sarah Chen,Education,Qualified,108,55.39,6241.97,5110.12,1131.85,20.5,3.2
2024-12-31,Q4 2024,Dec,North America,USA,Hardware,Laptop Pro,Mike Johnson,SMB,Closed Won,56,2222.29,187974.71,149464.21,38510.5,5.3,3.2
2025-01-01,Q1 2025,Jan,North America,USA,Software,Data Platform,Elena Rodriguez,Education,Qualified,1,2304.51,1693.69,1052.25,641.44,22.8,3.7
2025-01-03,Q1 2025,Jan,Asia Pacific,Japan,Hardware,Laptop Pro,Raj Patel,Enterprise,Closed Won,11,2325.45,25747.24,18398.51,7348.73,14.7,3.5
2025-01-03,Q1 2025,Jan,Europe,Germany,Software,Cloud Suite,James Clarke,Enterprise,Closed Lost,47,2183.22,70304.36,44108.91,26195.45,20.7,3.8
2025-01-03,Q1 2025,Jan,Europe,France,Hardware,Desktop Plus,James Clarke,SMB,Proposal,81,1197.88,79473.15,59119.37,20353.78,5.2,3.0
2025-01-04,Q1 2025,Jan,North America,Canada,Subscriptions,Enterprise Plan,Sarah Chen,Enterprise,Qualified,249,422.64,116245.19,64105.54,52139.65,21.1,3.5
2025-01-04,Q1 2025,Jan,Asia Pacific,India,Software,Security Pro,Raj Patel,Enterprise,Lead,4,1628.29,6117.68,3473.41,2644.27,20.4,4.6
2025-01-06,Q1 2025,Jan,Europe,France,Services,Support,James Clarke,Government,Proposal,192,213.33,32062.33,23620.52,8441.81,9.4,3.6
2025-01-06,Q1 2025,Jan,North America,USA,Services,Training,Sarah Chen,Enterprise,Closed Won,116,178.82,24393.91,17574.35,6819.56,16.0,4.0
2025-01-07,Q1 2025,Jan,North America,Canada,Hardware,Networking Kit,Sarah Chen,Enterprise,Proposal,87,500.9,49356.78,37025.97,12330.81,19.1,4.0
2025-01-07,Q1 2025,Jan,North America,Canada,Subscriptions,Enterprise Plan,Sarah Chen,Government,Proposal,244,262.85,85300.08,53886.18,31413.9,5.0,5.0
2025-01-07,Q1 2025,Jan,Europe,Germany,Software,Security Pro,James Clarke,SMB,Closed Lost,19,954.77,14215.87,9076.38,5139.49,9.3,3.0
2025-01-07,Q1 2025,Jan,Europe,UK,Software,Security Pro,Hans Mueller,Education,Closed Won,17,1707.09,28546.45,18529.59,10016.86,24.1,4.3
2025-01-07,Q1 2025,Jan,Europe,France,Subscriptions,Enterprise Plan,Hans Mueller,SMB,Closed Won,395,614.21,297761.78,177582.79,120178.99,5.3,3.7
2025-01-07,Q1 2025,Jan,Europe,UK,Subscriptions,Basic Plan,James Clarke,Education,Closed Won,385,55.98,14077.62,8484.6,5593.02,24.4,3.6
2025-01-08,Q1 2025,Jan,Europe,Germany,Services,Support,James Clarke,SMB,Lead,50,349.8,13796.67,11008.21,2788.46,8.7,2.8
2025-01-08,Q1 2025,Jan,Asia Pacific,India,Hardware,Desktop Plus,Raj Patel,SMB,Proposal,92,1677.36,168437.14,124492.54,43944.6,7.5,3.6
2025-01-08,Q1 2025,Jan,Asia Pacific,Australia,Software,Cloud Suite,Liam Zhang,Education,Lead,41,1503.5,50146.49,30292.1,19854.39,23.4,4.3
2025-01-09,Q1 2025,Jan,North America,Canada,Software,Data Platform,Elena Rodriguez,Government,Closed Won,33,2729.04,69960.18,44340.94,25619.24,18.4,3.3
2025-01-09,Q1 2025,Jan,Europe,UK,Subscriptions,Enterprise Plan,James Clarke,SMB,Qualified,356,323.38,95885.72,61098.17,34787.55,3.6,2.9
2025-01-09,Q1 2025,Jan,Asia Pacific,Australia,Subscriptions,Enterprise Plan,Yuki Tanaka,Education,Closed Won,462,749.95,445393.28,246212.81,199180.47,16.2,3.5
2025-01-09,Q1 2025,Jan,Europe,France,Hardware,Networking Kit,Hans Mueller,SMB,Closed Won,10,683.2,8190.2,6146.07,2044.13,7.5,3.9
2025-01-09,Q1 2025,Jan,Latin America,Mexico,Subscriptions,Professional Plan,Carlos Silva,Government,Closed Won,11,89.98,1315.36,810.4,504.96,14.4,4.0
2025-01-10,Q1 2025,Jan,Latin America,Mexico,Subscriptions,Professional Plan,Ana Gutierrez,Enterprise,Closed Won,431,95.06,43673.3,28186.47,15486.83,24.8,4.2
2025-01-10,Q1 2025,Jan,Europe,Germany,Subscriptions,Basic Plan,Sophie Dupont,Education,Lead,411,50.45,19751.28,11533.05,8218.23,16.0,4.3
2025-01-10,Q1 2025,Jan,North America,Canada,Subscriptions,Professional Plan,Mike Johnson,Government,Closed Won,104,100.25,10995.18,6696.28,4298.9,14.4,3.7
2025-01-11,Q1 2025,Jan,Europe,Germany,Services,Training,Sophie Dupont,Education,Lead,85,204.31,15203.34,11627.56,3575.78,22.8,4.1
2025-01-12,Q1 2025,Jan,Europe,France,Subscriptions,Basic Plan,Sophie Dupont,SMB,Closed Lost,208,76.27,17090.46,10260.7,6829.76,5.0,3.3
2025-01-13,Q1 2025,Jan,Asia Pacific,Japan,Subscriptions,Professional Plan,Liam Zhang,SMB,Qualified,324,102.5,35092.67,20755.27,14337.4,0.5,3.1
2025-01-14,Q1 2025,Jan,Europe,France,Software,Data Platform,Sophie Dupont,Education,Proposal,38,1757.81,56962.16,36963.13,19999.03,24.8,3.8
2025-01-14,Q1 2025,Jan,North America,Canada,Software,Data Platform,Elena Rodriguez,Enterprise,Lead,18,3450.33,48245.88,28894.58,19351.3,18.4,3.8
2025-01-14,Q1 2025,Jan,Latin America,Brazil,Software,Cloud Suite,Carlos Silva,SMB,Lead,30,1163.96,50470.85,28305.71,22165.14,6.9,4.2
2025-01-14,Q1 2025,Jan,North America,Canada,Subscriptions,Basic Plan,Elena Rodriguez,Government,Closed Won,15,43.56,533.71,326.03,207.68,14.2,3.2
2025-01-15,Q1 2025,Jan,Europe,France,Services,Consulting,Sophie Dupont,SMB,Closed Lost,139,303.75,46586.17,36981.44,9604.73,2.7,4.0
2025-01-15,Q1 2025,Jan,Latin America,Colombia,Hardware,Desktop Plus,Ana Gutierrez,Enterprise,Lead,85,1675.04,168117.21,131029.27,37087.94,16.7,4.0
2025-01-16,Q1 2025,Jan,Europe,UK,Services,Implementation,Sophie Dupont,Government,Closed Won,144,361.68,50319.88,38485.13,11834.75,14.8,3.0
2025-01-16,Q1 2025,Jan,Europe,France,Software,Cloud Suite,Sophie Dupont,Government,Closed Won,39,2267.41,89648.96,55495.53,34153.43,10.6,3.7
2025-01-16,Q1 2025,Jan,Europe,UK,Hardware,Networking Kit,Sophie Dupont,SMB,Proposal,45,530.37,24926.66,19655.16,5271.5,7.9,3.7
2025-01-17,Q1 2025,Jan,Asia Pacific,Japan,Software,Security Pro,Liam Zhang,Enterprise,Qualified,38,655.68,22861.98,13266.33,9595.65,13.6,3.8
2025-01-17,Q1 2025,Jan,North America,Canada,Services,Consulting,Elena Rodriguez,SMB,Proposal,39,168.0,5819.59,4744.91,1074.68,6.7,3.5
2025-01-17,Q1 2025,Jan,North America,USA,Services,Implementation,Sarah Chen,SMB,Closed Won,136,720.56,126767.83,107654.38,19113.45,7.6,4.0
2025-01-18,Q1 2025,Jan,Asia Pacific,India,Services,Support,Raj Patel,SMB,Proposal,129,344.9,51083.16,36940.32,14142.84,2.7,3.3
2025-01-18,Q1 2025,Jan,Europe,UK,Subscriptions,Professional Plan,James Clarke,Enterprise,Lead,467,162.65,56505.13,33443.44,23061.69,13.9,3.4
2025-01-18,Q1 2025,Jan,North America,USA,Subscriptions,Professional Plan,Sarah Chen,Government,Proposal,211,184.6,48532.45,27935.39,20597.06,11.0,4.4
2025-01-18,Q1 2025,Jan,Europe,Germany,Software,Cloud Suite,Hans Mueller,SMB,Qualified,32,1146.27,47015.19,26421.97,20593.22,1.1,3.4
2025-01-19,Q1 2025,Jan,North America,USA,Services,Support,Elena Rodriguez,SMB,Lead,192,134.51,23037.34,16363.63,6673.71,6.3,3.0
2025-01-20,Q1 2025,Jan,Europe,France,Software,Cloud Suite,Hans Mueller,Government,Closed Lost,7,1541.29,13073.71,7652.1,5421.61,6.5,4.0
2025-01-20,Q1 2025,Jan,Europe,UK,Hardware,Server Rack,Sophie Dupont,Enterprise,Closed Won,71,4459.56,277551.07,207399.17,70151.9,22.7,3.9
2025-01-20,Q1 2025,Jan,North America,Canada,Hardware,Networking Kit,Elena Rodriguez,SMB,Closed Won,69,955.2,57349.09,44514.54,12834.55,8.6,3.2
2025-01-20,Q1 2025,Jan,Asia Pacific,India,Services,Consulting,Raj Patel,Government,Qualified,88,393.54,35225.8,28699.19,6526.61,13.8,3.5
2025-01-20,Q1 2025,Jan,Europe,France,Services,Support,Sophie Dupont,Enterprise,Closed Lost,176,264.64,40247.25,31233.24,9014.01,23.8,3.8
2025-01-20,Q1 2025,Jan,Europe,Germany,Software,Cloud Suite,Hans Mueller,Education,Lead,30,2426.36,71979.04,46684.56,25294.48,23.7,4.1
2025-01-20,Q1 2025,Jan,North America,Canada,Subscriptions,Enterprise Plan,Mike Johnson,Government,Negotiation,375,361.78,139563.87,87288.13,52275.74,16.5,3.8
2025-01-21,Q1 2025,Jan,Asia Pacific,Japan,Hardware,Server Rack,Liam Zhang,Enterprise,Closed Won,21,4393.41,76621.79,55082.99,21538.8,21.8,3.0
2025-01-21,Q1 2025,Jan,Europe,France,Services,Support,James Clarke,Government,Negotiation,118,240.05,21634.64,15863.61,5771.03,11.6,2.8
2025-01-21,Q1 2025,Jan,North America,USA,Services,Consulting,Mike Johnson,Education,Lead,134,466.97,63368.92,53533.43,9835.49,17.8,4.4
2025-01-21,Q1 2025,Jan,North America,USA,Software,Security Pro,Sarah Chen,Enterprise,Negotiation,10,608.28,7545.11,4753.7,2791.41,11.4,3.2
2025-01-21,Q1 2025,Jan,North America,Canada,Hardware,Server Rack,Mike Johnson,Education,Qualified,32,4045.69,121536.93,89561.98,31974.95,23.8,3.8
2025-01-21,Q1 2025,Jan,Latin America,Mexico,Hardware,Server Rack,Ana Gutierrez,Enterprise,Lead,60,4823.0,356050.26,250385.44,105664.82,13.2,3.8
2025-01-22,Q1 2025,Jan,North America,Canada,Software,Cloud Suite,Elena Rodriguez,Government,Lead,25,1811.41,40136.86,22844.52,17292.34,6.9,4.0
2025-01-22,Q1 2025,Jan,North America,USA,Hardware,Laptop Pro,Elena Rodriguez,Education,Negotiation,12,2099.46,20026.83,14114.47,5912.36,16.5,3.1
2025-01-22,Q1 2025,Jan,Europe,UK,Hardware,Desktop Plus,Hans Mueller,Government,Proposal,15,1362.75,24107.59,17541.58,6566.01,9.0,4.6
2025-01-22,Q1 2025,Jan,North America,Canada,Subscriptions,Professional Plan,Sarah Chen,Government,Negotiation,257,94.19,27992.78,18026.38,9966.4,17.4,4.3
2025-01-22,Q1 2025,Jan,Europe,Germany,Hardware,Desktop Plus,Sophie Dupont,Enterprise,Proposal,71,1950.88,128799.98,93215.24,35584.74,18.0,3.5
2025-01-22,Q1 2025,Jan,Asia Pacific,India,Hardware,Server Rack,Yuki Tanaka,SMB,Lead,53,3538.39,259485.72,207059.61,52426.11,9.8,4.5
2025-01-23,Q1 2025,Jan,North America,USA,Subscriptions,Basic Plan,Mike Johnson,SMB,Qualified,497,33.4,18426.31,10559.12,7867.19,9.9,3.6
2025-01-23,Q1 2025,Jan,Latin America,Mexico,Services,Implementation,Carlos Silva,Government,Closed Won,124,660.71,115745.89,93632.71,22113.18,9.0,3.3
2025-01-23,Q1 2025,Jan,Latin America,Mexico,Hardware,Laptop Pro,Pedro Morales,SMB,Proposal,67,1210.53,77438.53,59995.55,17442.98,5.7,2.7
2025-01-24,Q1 2025,Jan,Europe,France,Subscriptions,Enterprise Plan,Hans Mueller,SMB,Closed Lost,103,592.02,74918.13,48221.98,26696.15,5.2,3.8
2025-01-24,Q1 2025,Jan,North America,USA,Subscriptions,Enterprise Plan,Elena Rodriguez,Government,Lead,62,517.58,28319.52,17271.68,11047.84,7.3,3.5
2025-01-24,Q1 2025,Jan,Asia Pacific,Japan,Subscriptions,Basic Plan,Raj Patel,SMB,Lead,307,40.91,14434.74,8784.93,5649.81,2.6,3.4
2025-01-24,Q1 2025,Jan,North America,Canada,Hardware,Networking Kit,Elena Rodriguez,SMB,Lead,42,1109.36,41162.97,31148.47,10014.5,7.2,4.3
2025-01-24,Q1 2025,Jan,Asia Pacific,Australia,Hardware,Desktop Plus,Raj Patel,SMB,Negotiation,63,1298.97,96179.17,72076.58,24102.59,0.4,3.8
2025-01-25,Q1 2025,Jan,North America,Canada,Hardware,Laptop Pro,Sarah Chen,Enterprise,Lead,74,1760.2,163756.33,121737.04,42019.29,10.2,4.4
2025-01-25,Q1 2025,Jan,Asia Pacific,Australia,Software,Data Platform,Raj Patel,Government,Negotiation,25,2376.54,64429.19,37099.03,27330.16,8.1,3.3
2025-01-25,Q1 2025,Jan,Asia Pacific,India,Hardware,Server Rack,Yuki Tanaka,Enterprise,Closed Won,54,4089.97,291026.41,213259.56,77766.85,14.1,4.1
2025-01-26,Q1 2025,Jan,Asia Pacific,India,Hardware,Server Rack,Liam Zhang,Enterprise,Lead,74,3722.24,240161.71,186428.39,53733.32,17.9,4.0
2025-01-26,Q1 2025,Jan,North America,USA,Services,Support,Elena Rodriguez,SMB,Proposal,119,162.48,16916.06,13387.38,3528.68,8.1,3.1
2025-01-27,Q1 2025,Jan,Asia Pacific,India,Hardware,Laptop Pro,Raj Patel,Education,Lead,71,1693.63,109115.2,78130.81,30984.39,23.1,4.1
2025-01-27,Q1 2025,Jan,North America,Canada,Subscriptions,Professional Plan,Elena Rodriguez,SMB,Qualified,250,121.51,26287.72,16886.9,9400.82,9.1,2.8
2025-01-27,Q1 2025,Jan,Latin America,Brazil,Software,Cloud Suite,Pedro Morales,Education,Lead,11,1403.03,12266.6,7377.19,4889.41,21.5,3.4
2025-01-27,Q1 2025,Jan,North America,Canada,Subscriptions,Enterprise Plan,Mike Johnson,SMB,Lead,175,640.22,126436.79,70871.43,55565.36,8.4,3.7
2025-01-27,Q1 2025,Jan,Europe,UK,Subscriptions,Enterprise Plan,Sophie Dupont,Government,Qualified,303,787.22,255613.4,150468.79,105144.61,5.5,3.7
2025-01-27,Q1 2025,Jan,Europe,UK,Services,Training,James Clarke,Government,Closed Won,186,147.54,19323.87,14852.93,4470.94,18.5,2.9
2025-01-28,Q1 2025,Jan,North America,USA,Services,Training,Sarah Chen,Enterprise,Closed Won,54,66.54,3868.4,3067.06,801.34,23.1,4.5
2025-01-28,Q1 2025,Jan,North America,Canada,Subscriptions,Professional Plan,Sarah Chen,Enterprise,Closed Won,172,124.57,26306.89,16372.28,9934.61,12.3,4.1
2025-01-28,Q1 2025,Jan,North America,USA,Software,Security Pro,Elena Rodriguez,Government,Proposal,11,1592.11,14371.76,9292.68,5079.08,13.8,2.9
2025-01-28,Q1 2025,Jan,Asia Pacific,Japan,Subscriptions,Basic Plan,Raj Patel,Education,Lead,335,53.18,17175.02,10189.11,6985.91,18.3,4.0
2025-01-28,Q1 2025,Jan,Latin America,Colombia,Subscriptions,Professional Plan,Pedro Morales,SMB,Qualified,419,100.82,42044.51,24948.49,17096.02,1.7,3.1
2025-01-28,Q1 2025,Jan,North America,Canada,Subscriptions,Professional Plan,Elena Rodriguez,Enterprise,Proposal,185,181.59,24529.91,13780.46,10749.45,23.3,3.5
2025-01-29,Q1 2025,Jan,North America,Canada,Subscriptions,Basic Plan,Sarah Chen,Enterprise,Lead,198,62.27,13014.98,8082.08,4932.9,24.6,4.4
2025-01-29,Q1 2025,Jan,Latin America,Mexico,Services,Implementation,Ana Gutierrez,Government,Lead,12,305.74,4883.4,3822.68,1060.72,6.1,3.5
2025-01-30,Q1 2025,Jan,North America,Canada,Subscriptions,Basic Plan,Mike Johnson,SMB,Proposal,170,51.8,9970.22,5761.21,4209.01,8.1,3.6
2025-01-30,Q1 2025,Jan,North America,Canada,Hardware,Server Rack,Mike Johnson,SMB,Closed Lost,93,3441.37,389961.13,293436.48,96524.65,1.1,3.7
2025-01-31,Q1 2025,Jan,North America,USA,Software,Data Platform,Sarah Chen,SMB,Closed Won,41,3046.22,172929.64,105636.83,67292.81,1.1,3.6
2025-02-02,Q1 2025,Feb,North America,Canada,Subscriptions,Professional Plan,Sarah Chen,Enterprise,Closed Won,27,194.29,5757.82,3566.23,2191.59,21.6,4.4
2025-02-02,Q1 2025,Feb,North America,Canada,Subscriptions,Basic Plan,Mike Johnson,Enterprise,Lead,454,64.49,30480.05,19035.36,11444.69,15.5,4.6
2025-02-02,Q1 2025,Feb,Latin America,Brazil,Services,Implementation,Carlos Silva,Enterprise,Proposal,162,635.49,123707.58,103186.09,20521.49,22.6,3.8
2025-02-02,Q1 2025,Feb,Europe,France,Software,Cloud Suite,James Clarke,Government,Closed Won,32,1824.39,42017.13,25276.45,16740.68,16.7,3.2
2025-02-02,Q1 2025,Feb,Latin America,Brazil,Subscriptions,Basic Plan,Carlos Silva,Education,Closed Won,107,43.87,5582.28,3359.87,2222.41,23.4,4.5
2025-02-02,Q1 2025,Feb,North America,Canada,Software,Security Pro,Mike Johnson,SMB,Closed Won,31,810.33,28441.33,17491.31,10950.02,8.1,3.4
2025-02-03,Q1 2025,Feb,North America,USA,Subscriptions,Basic Plan,Mike Johnson,SMB,Negotiation,166,30.47,6081.93,3868.29,2213.64,2.4,3.9
2025-02-03,Q1 2025,Feb,Latin America,Colombia,Hardware,Networking Kit,Ana Gutierrez,Enterprise,Qualified,8,1008.19,10118.09,7938.45,2179.64,11.5,3.6
2025-02-03,Q1 2025,Feb,Latin America,Brazil,Hardware,Desktop Plus,Pedro Morales,SMB,Lead,100,1035.02,103014.25,79476.41,23537.84,1.7,2.8
2025-02-03,Q1 2025,Feb,North America,Canada,Software,Data Platform,Mike Johnson,SMB,Closed Won,49,2409.77,142272.59,86507.69,55764.9,2.2,4.3
2025-02-04,Q1 2025,Feb,North America,Canada,Software,Data Platform,Elena Rodriguez,SMB,Closed Lost,14,1992.67,25071.04,14531.93,10539.11,5.6,3.4
2025-02-04,Q1 2025,Feb,North America,Canada,Subscriptions,Enterprise Plan,Elena Rodriguez,SMB,Lead,378,272.52,90418.66,54158.06,36260.6,7.8,3.5
2025-02-04,Q1 2025,Feb,North America,USA,Services,Consulting,Mike Johnson,SMB,Closed Won,11,195.94,2445.6,2082.59,363.01,7.9,3.7
2025-02-04,Q1 2025,Feb,North America,USA,Services,Implementation,Elena Rodriguez,SMB,Closed Won,10,748.5,7082.97,5512.55,1570.42,0.6,2.4
2025-02-04,Q1 2025,Feb,North America,USA,Subscriptions,Professional Plan,Sarah Chen,Government,Closed Won,325,164.3,64813.89,41873.47,22940.42,13.3,3.4
2025-02-05,Q1 2025,Feb,Europe,Germany,Software,Security Pro,Sophie Dupont,Education,Closed Lost,20,1637.31,30932.78,19548.46,11384.32,16.7,3.9
2025-02-05,Q1 2025,Feb,Asia Pacific,India,Hardware,Server Rack,Yuki Tanaka,Enterprise,Closed Won,6,3756.5,30702.45,21801.27,8901.18,11.2,4.3
2025-02-05,Q1 2025,Feb,Europe,Germany,Software,Security Pro,Sophie Dupont,Government,Proposal,38,1566.72,61706.97,36165.29,25541.68,8.6,3.8
2025-02-05,Q1 2025,Feb,North America,Canada,Services,Support,Mike Johnson,Government,Lead,32,221.99,7990.33,6155.76,1834.57,8.7,3.9
2025-02-05,Q1 2025,Feb,North America,Canada,Services,Consulting,Elena Rodriguez,Enterprise,Qualified,56,455.4,20587.99,16365.03,4222.96,15.2,3.5
2025-02-05,Q1 2025,Feb,Asia Pacific,Australia,Hardware,Networking Kit,Liam Zhang,Enterprise,Closed Won,4,1390.42,5150.47,3661.65,1488.82,12.8,4.2
2025-02-05,Q1 2025,Feb,North America,Canada,Subscriptions,Professional Plan,Mike Johnson,SMB,Closed Won,485,91.83,50480.64,32422.89,18057.75,8.0,3.5
2025-02-05,Q1 2025,Feb,North America,USA,Software,Cloud Suite,Mike Johnson,Enterprise,Proposal,13,998.3,13702.38,8414.89,5287.49,14.3,3.8
2025-02-06,Q1 2025,Feb,Europe,Germany,Software,Security Pro,Hans Mueller,SMB,Closed Won,15,1399.23,25160.95,15782.38,9378.57,7.5,3.6
2025-02-06,Q1 2025,Feb,North America,USA,Subscriptions,Basic Plan,Elena Rodriguez,Enterprise,Lead,327,54.96,13464.99,8523.53,4941.46,21.3,3.2
2025-02-06,Q1 2025,Feb,Europe,UK,Hardware,Networking Kit,Sophie Dupont,SMB,Qualified,90,589.13,58503.19,45519.15,12984.04,2.7,4.5
2025-02-06,Q1 2025,Feb,North America,Canada,Services,Implementation,Sarah Chen,Government,Lead,48,630.9,36672.96,29077.63,7595.33,13.5,4.6
2025-02-06,Q1 2025,Feb,North America,USA,Hardware,Laptop Pro,Mike Johnson,SMB,Proposal,64,1637.0,119780.84,87489.86,32290.98,7.2,4.5
2025-02-07,Q1 2025,Feb,North America,USA,Services,Consulting,Mike Johnson,SMB,Qualified,175,174.3,34873.39,29812.35,5061.04,7.2,3.9
2025-02-07,Q1 2025,Feb,Europe,Germany,Services,Implementation,Hans Mueller,Education,Closed Lost,86,406.29,37539.99,28856.2,8683.79,17.1,4.1
2025-02-07,Q1 2025,Feb,Latin America,Colombia,Subscriptions,Enterprise Plan,Ana Gutierrez,SMB,Closed Lost,230,625.8,195049.28,116717.46,78331.82,4.4,3.5
2025-02-07,Q1 2025,Feb,Europe,Germany,Services,Implementation,Hans Mueller,Government,Closed Won,50,398.48,21638.42,17439.46,4198.96,16.2,3.1
2025-02-08,Q1 2025,Feb,Asia Pacific,Japan,Software,Cloud Suite,Raj Patel,Enterprise,Qualified,18,1597.47,26635.26,14916.33,11718.93,21.5,3.3
2025-02-09,Q1 2025,Feb,North America,Canada,Software,Security Pro,Elena Rodriguez,Government,Closed Lost,39,1111.39,38292.7,22963.75,15328.95,7.2,3.6
2025-02-09,Q1 2025,Feb,North America,Canada,Hardware,Desktop Plus,Sarah Chen,SMB,Closed Lost,90,1394.12,169511.05,129026.52,40484.53,3.5,3.5
2025-02-09,Q1 2025,Feb,North America,USA,Hardware,Server Rack,Elena Rodriguez,Government,Closed Lost,81,4572.73,304657.08,222664.1,81992.98,13.6,3.6
2025-02-09,Q1 2025,Feb,Asia Pacific,Australia,Services,Implementation,Liam Zhang,Government,Lead,152,572.69,78486.58,61018.83,17467.75,15.1,3.1
2025-02-09,Q1 2025,Feb,Asia Pacific,Japan,Subscriptions,Basic Plan,Raj Patel,Enterprise,Closed Won,500,67.74,34411.24,19803.08,14608.16,13.9,3.5
2025-02-09,Q1 2025,Feb,North America,Canada,Software,Data Platform,Mike Johnson,SMB,Qualified,32,2283.95,84279.73,49963.6,34316.13,6.4,3.9
2025-02-09,Q1 2025,Feb,Asia Pacific,India,Subscriptions,Basic Plan,Raj Patel,Education,Closed Won,13,68.27,827.34,499.28,328.06,21.0,3.9
2025-02-09,Q1 2025,Feb,North America,USA,Hardware,Laptop Pro,Sarah Chen,SMB,Closed Won,11,2006.88,27969.89,19863.51,8106.38,9.5,4.0
2025-02-09,Q1 2025,Feb,Europe,UK,Hardware,Desktop Plus,James Clarke,SMB,Closed Won,82,1222.5,85918.79,63758.17,22160.62,0.8,3.4
2025-02-09,Q1 2025,Feb,North America,Canada,Subscriptions,Basic Plan,Elena Rodriguez,Enterprise,Closed Won,469,33.17,11107.51,7145.72,3961.79,25.0,3.8
2025-02-10,Q1 2025,Feb,Europe,Germany,Subscriptions,Professional Plan,James Clarke,Enterprise,Lead,265,210.95,37142.02,22583.24,14558.78,23.1,3.0
2025-02-10,Q1 2025,Feb,North America,USA,Software,Security Pro,Mike Johnson,SMB,Closed Lost,35,1365.91,58014.57,36048.82,21965.75,1.5,3.8
2025-02-10,Q1 2025,Feb,North America,Canada,Subscriptions,Basic Plan,Sarah Chen,Government,Qualified,117,62.58,9738.07,6013.99,3724.08,5.0,4.1
2025-02-10,Q1 2025,Feb,North America,Canada,Services,Training,Mike Johnson,Government,Lead,161,94.92,16718.88,12458.29,4260.59,11.2,4.4
2025-02-10,Q1 2025,Feb,North America,Canada,Services,Implementation,Sarah Chen,Enterprise,Lead,36,583.24,23692.61,18767.05,4925.56,19.4,3.9
2025-02-11,Q1 2025,Feb,Europe,Germany,Software,Data Platform,Sophie Dupont,SMB,Lead,23,1633.49,41156.13,23034.3,18121.83,3.4,4.0
2025-02-11,Q1 2025,Feb,North America,Canada,Software,Data Platform,Elena Rodriguez,Government,Closed Won,5,2618.21,10692.98,6278.36,4414.62,14.2,3.4
2025-02-11,Q1 2025,Feb,Asia Pacific,Japan,Services,Consulting,Raj Patel,Government,Closed Won,63,191.62,11680.93,9415.88,2265.05,18.0,2.6
2025-02-11,Q1 2025,Feb,Latin America,Brazil,Software,Security Pro,Ana Gutierrez,Education,Closed Lost,40,1650.3,79068.35,50839.1,28229.25,15.5,3.6
2025-02-11,Q1 2025,Feb,North America,USA,Hardware,Server Rack,Sarah Chen,Enterprise,Negotiation,2,4669.91,10983.63,7761.92,3221.71,16.0,4.7
2025-02-12,Q1 2025,Feb,Latin America,Colombia,Services,Consulting,Carlos Silva,SMB,Lead,137,470.38,97745.23,85532.63,12212.6,2.3,4.4
2025-02-12,Q1 2025,Feb,North America,USA,Subscriptions,Enterprise Plan,Sarah Chen,Education,Lead,76,597.45,51681.34,31187.65,20493.69,18.7,3.8
2025-02-12,Q1 2025,Feb,North America,Canada,Subscriptions,Basic Plan,Sarah Chen,Government,Qualified,266,37.81,12756.88,7137.62,5619.26,9.4,4.0
2025-02-12,Q1 2025,Feb,Europe,UK,Subscriptions,Professional Plan,Hans Mueller,SMB,Proposal,441,156.92,89057.63,55991.16,33066.47,0.7,3.9
2025-02-12,Q1 2025,Feb,Latin America,Mexico,Software,Data Platform,Pedro Morales,Enterprise,Lead,31,2526.24,62799.55,35825.3,26974.25,20.8,3.0
2025-02-12,Q1 2025,Feb,Asia Pacific,India,Software,Data Platform,Liam Zhang,SMB,Closed Lost,26,3014.24,77985.76,46951.63,31034.13,6.3,2.8
2025-02-12,Q1 2025,Feb,Latin America,Mexico,Services,Training,Ana Gutierrez,SMB,Lead,109,240.13,33540.1,25075.05,8465.05,9.6,3.6
2025-02-13,Q1 2025,Feb,Europe,UK,Subscriptions,Enterprise Plan,Hans Mueller,Education,Proposal,60,748.76,47510.44,30775.83,16734.61,18.4,4.1
2025-02-13,Q1 2025,Feb,Europe,UK,Subscriptions,Professional Plan,Sophie Dupont,Enterprise,Closed Lost,74,161.95,10287.78,5826.56,4461.22,24.3,4.1
2025-02-13,Q1 2025,Feb,Latin America,Brazil,Software,Security Pro,Carlos Silva,Education,Closed Won,5,638.64,3956.04,2189.65,1766.39,20.2,4.6
2025-02-14,Q1 2025,Feb,Asia Pacific,India,Services,Consulting,Raj Patel,Government,Closed Won,58,353.94,21970.85,18761.29,3209.56,9.3,4.2
2025-02-14,Q1 2025,Feb,Europe,UK,Subscriptions,Professional Plan,Hans Mueller,SMB,Lead,311,247.25,92181.43,59780.08,32401.35,7.5,3.5
2025-02-14,Q1 2025,Feb,North America,USA,Software,Cloud Suite,Mike Johnson,Enterprise,Lead,47,1132.21,49562.97,31030.58,18532.39,24.4,4.0
2025-02-14,Q1 2025,Feb,North America,USA,Software,Cloud Suite,Elena Rodriguez,Enterprise,Lead,23,1769.33,32271.46,18554.66,13716.8,16.7,3.2
2025-02-14,Q1 2025,Feb,North America,USA,Subscriptions,Enterprise Plan,Sarah Chen,Enterprise,Proposal,360,268.28,120610.1,74718.08,45892.02,10.8,3.9
2025-02-14,Q1 2025,Feb,Europe,France,Software,Data Platform,Hans Mueller,Education,Lead,35,3330.22,127946.79,81069.64,46877.15,15.3,5.0
2025-02-15,Q1 2025,Feb,North America,Canada,Subscriptions,Basic Plan,Elena Rodriguez,Enterprise,Proposal,213,39.59,6751.47,4000.32,2751.15,15.9,3.5
2025-02-15,Q1 2025,Feb,Asia Pacific,Australia,Hardware,Desktop Plus,Liam Zhang,Enterprise,Closed Won,85,1449.3,101261.11,75876.4,25384.71,22.6,3.4
2025-02-15,Q1 2025,Feb,North America,Canada,Services,Support,Sarah Chen,Government,Proposal,27,118.34,3690.43,2593.38,1097.05,17.5,4.2
2025-02-16,Q1 2025,Feb,North America,Canada,Software,Security Pro,Elena Rodriguez,SMB,Proposal,4,756.86,2856.18,1592.29,1263.89,0.9,2.9
2025-02-16,Q1 2025,Feb,North America,Canada,Subscriptions,Professional Plan,Sarah Chen,SMB,Proposal,56,187.85,13740.7,8162.0,5578.7,6.7,4.1
2025-02-17,Q1 2025,Feb,Asia Pacific,Japan,Hardware,Networking Kit,Yuki Tanaka,Enterprise,Lead,3,945.04,3683.67,2785.08,898.59,15.3,5.0
2025-02-17,Q1 2025,Feb,North America,Canada,Hardware,Server Rack,Elena Rodriguez,SMB,Qualified,23,3013.56,59650.36,46935.54,12714.82,9.6,3.5
2025-02-18,Q1 2025,Feb,Europe,Germany,Subscriptions,Basic Plan,Sophie Dupont,Enterprise,Closed Lost,499,75.49,35754.32,20751.82,15002.5,16.3,3.9
2025-02-19,Q1 2025,Feb,Europe,France,Software,Data Platform,James Clarke,Education,Proposal,45,3017.95,96921.1,61684.95,35236.15,17.4,3.6
2025-02-19,Q1 2025,Feb,Europe,Germany,Subscriptions,Professional Plan,Hans Mueller,Government,Proposal,49,159.79,9406.55,5343.79,4062.76,7.3,3.8
2025-02-19,Q1 2025,Feb,Europe,Germany,Software,Data Platform,James Clarke,Education,Qualified,6,2972.12,11678.86,7107.65,4571.21,24.2,3.6
2025-02-19,Q1 2025,Feb,North America,USA,Services,Implementation,Sarah Chen,Education,Closed Won,159,785.71,148314.39,120423.97,27890.42,15.2,3.5
2025-02-19,Q1 2025,Feb,North America,USA,Services,Support,Mike Johnson,SMB,Closed Won,89,252.18,25521.9,19255.84,6266.06,7.7,3.2
2025-02-20,Q1 2025,Feb,Latin America,Mexico,Hardware,Laptop Pro,Carlos Silva,SMB,Closed Lost,41,2238.35,130935.97,93885.56,37050.41,8.1,3.4
2025-02-20,Q1 2025,Feb,Europe,France,Services,Consulting,Sophie Dupont,Enterprise,Closed Lost,15,259.5,3844.68,3380.4,464.28,12.9,3.4
2025-02-20,Q1 2025,Feb,North America,USA,Services,Implementation,Elena Rodriguez,Enterprise,Negotiation,84,349.71,22092.83,18677.2,3415.63,21.0,2.8
2025-02-21,Q1 2025,Feb,Latin America,Brazil,Hardware,Networking Kit,Pedro Morales,Enterprise,Closed Lost,49,692.86,30455.82,23766.74,6689.08,11.4,2.6
2025-02-21,Q1 2025,Feb,Europe,France,Services,Implementation,James Clarke,SMB,Negotiation,124,393.07,41859.28,32273.53,9585.75,0.6,3.3
2025-02-21,Q1 2025,Feb,Europe,France,Hardware,Laptop Pro,Hans Mueller,Enterprise,Closed Lost,99,1785.17,197207.27,146651.54,50555.73,13.9,4.5
2025-02-22,Q1 2025,Feb,Asia Pacific,Australia,Subscriptions,Professional Plan,Yuki Tanaka,Government,Lead,434,199.12,122357.8,77487.12,44870.68,7.7,3.8
2025-02-22,Q1 2025,Feb,Asia Pacific,Japan,Hardware,Server Rack,Raj Patel,Enterprise,Negotiation,42,3010.56,131149.75,91967.92,39181.83,12.1,3.8
2025-02-23,Q1 2025,Feb,Asia Pacific,India,Subscriptions,Enterprise Plan,Yuki Tanaka,Enterprise,Closed Lost,346,347.06,151970.74,93397.94,58572.8,17.5,3.8
2025-02-23,Q1 2025,Feb,North America,Canada,Services,Training,Sarah Chen,SMB,Lead,123,91.55,14692.9,10767.39,3925.51,6.8,3.8
2025-02-24,Q1 2025,Feb,North America,USA,Hardware,Desktop Plus,Elena Rodriguez,Education,Lead,100,1587.86,121536.07,93446.82,28089.25,19.6,3.1
2025-02-24,Q1 2025,Feb,Europe,Germany,Hardware,Server Rack,James Clarke,Government,Qualified,27,4817.24,98554.26,76111.78,22442.48,12.3,3.0
2025-02-24,Q1 2025,Feb,Europe,UK,Subscriptions,Enterprise Plan,James Clarke,Government,Closed Won,280,584.71,120659.45,76005.37,44654.08,14.7,2.6
2025-02-24,Q1 2025,Feb,North America,Canada,Services,Consulting,Sarah Chen,Enterprise,Closed Won,107,364.04,48643.61,40939.97,7703.64,10.8,4.5
2025-02-24,Q1 2025,Feb,Asia Pacific,India,Hardware,Server Rack,Raj Patel,Enterprise,Lead,30,4880.04,132501.87,103051.46,29450.41,23.3,3.7
2025-02-24,Q1 2025,Feb,North America,Canada,Hardware,Networking Kit,Mike Johnson,Enterprise,Qualified,100,1093.92,117655.03,86345.33,31309.7,12.7,4.3
2025-02-24,Q1 2025,Feb,Europe,UK,Services,Support,James Clarke,SMB,Negotiation,33,131.92,3396.46,2580.92,815.54,9.7,3.3
2025-02-26,Q1 2025,Feb,North America,Canada,Hardware,Desktop Plus,Sarah Chen,SMB,Lead,97,1063.5,139512.91,111603.2,27909.71,3.4,4.1
2025-02-26,Q1 2025,Feb,North America,Canada,Services,Implementation,Sarah Chen,Enterprise,Closed Lost,158,377.29,67265.98,54612.35,12653.63,19.4,4.2
2025-02-26,Q1 2025,Feb,Asia Pacific,Japan,Services,Training,Yuki Tanaka,Education,Lead,187,138.99,31696.96,23286.94,8410.02,20.5,3.9
2025-02-27,Q1 2025,Feb,North America,USA,Subscriptions,Basic Plan,Sarah Chen,SMB,Closed Won,277,25.12,9546.71,5993.97,3552.74,2.0,4.0
2025-02-27,Q1 2025,Feb,Europe,France,Subscriptions,Basic Plan,Sophie Dupont,Enterprise,Lead,108,42.57,4077.06,2289.32,1787.74,21.8,3.5
2025-02-27,Q1 2025,Feb,North America,USA,Subscriptions,Enterprise Plan,Mike Johnson,Education,Lead,237,350.91,80943.48,46703.38,34240.1,21.0,4.0
2025-02-27,Q1 2025,Feb,Europe,France,Services,Consulting,Sophie Dupont,Enterprise,Closed Won,21,268.29,5347.64,4626.87,720.77,16.3,3.4
2025-02-27,Q1 2025,Feb,Europe,Germany,Services,Support,James Clarke,SMB,Proposal,166,268.9,36754.08,28135.67,8618.41,4.7,2.8
2025-02-28,Q1 2025,Feb,Europe,France,Hardware,Networking Kit,Sophie Dupont,Education,Closed Won,61,1194.48,69241.39,54234.01,15007.38,16.2,3.9
2025-02-28,Q1 2025,Feb,North America,USA,Hardware,Server Rack,Elena Rodriguez,SMB,Closed Lost,100,3607.14,315584.35,244870.22,70714.13,8.1,3.5
2025-02-28,Q1 2025,Feb,North America,Canada,Software,Data Platform,Elena Rodriguez,SMB,Lead,29,3224.87,84224.47,51560.47,32664.0,5.4,3.1
2025-03-01,Q1 2025,Mar,Europe,Germany,Subscriptions,Professional Plan,Hans Mueller,SMB,Closed Lost,152,102.26,20043.68,12918.99,7124.69,0.5,4.0
2025-03-02,Q1 2025,Mar,North America,Canada,Software,Data Platform,Elena Rodriguez,Enterprise,Closed Lost,1,2585.86,2114.63,1262.55,852.08,14.1,3.7
2025-03-02,Q1 2025,Mar,Asia Pacific,Japan,Software,Security Pro,Liam Zhang,Enterprise,Negotiation,3,1039.75,2663.37,1621.03,1042.34,19.6,3.8
2025-03-02,Q1 2025,Mar,Europe,France,Services,Training,Hans Mueller,Education,Lead,142,219.73,33603.44,26954.58,6648.86,16.9,5.0
2025-03-02,Q1 2025,Mar,Latin America,Mexico,Services,Consulting,Carlos Silva,Government,Closed Won,24,247.34,8478.62,6770.83,1707.79,8.0,3.7
2025-03-02,Q1 2025,Mar,North America,USA,Subscriptions,Professional Plan,Mike Johnson,SMB,Closed Lost,273,200.16,60588.91,35111.64,25477.27,10.0,3.5
2025-03-02,Q1 2025,Mar,Latin America,Brazil,Software,Security Pro,Ana Gutierrez,SMB,Closed Won,1,733.18,961.34,543.11,418.23,7.5,3.3
2025-03-03,Q1 2025,Mar,Europe,UK,Subscriptions,Basic Plan,Hans Mueller,Government,Qualified,309,73.59,26670.48,16722.91,9947.57,9.5,3.4
2025-03-03,Q1 2025,Mar,Asia Pacific,India,Services,Support,Raj Patel,Enterprise,Qualified,189,181.22,32938.78,24579.82,8358.96,18.5,3.9
2025-03-03,Q1 2025,Mar,Asia Pacific,Japan,Services,Training,Liam Zhang,Education,Closed Won,75,75.39,4623.71,3581.38,1042.33,23.0,3.8
2025-03-04,Q1 2025,Mar,North America,USA,Hardware,Laptop Pro,Elena Rodriguez,SMB,Closed Won,44,1995.75,78665.7,61615.06,17050.64,5.9,2.1
2025-03-04,Q1 2025,Mar,Latin America,Brazil,Services,Consulting,Pedro Morales,Education,Closed Lost,170,430.71,57232.96,48318.83,8914.13,22.8,3.3
2025-03-04,Q1 2025,Mar,Asia Pacific,Japan,Subscriptions,Basic Plan,Yuki Tanaka,Enterprise,Closed Won,308,29.76,12092.26,7042.6,5049.66,14.0,4.6
2025-03-04,Q1 2025,Mar,Asia Pacific,Japan,Subscriptions,Enterprise Plan,Yuki Tanaka,SMB,Lead,418,316.57,185328.48,103433.85,81894.63,8.7,4.1
2025-03-05,Q1 2025,Mar,North America,USA,Subscriptions,Professional Plan,Mike Johnson,Enterprise,Qualified,231,141.66,33864.85,19005.33,14859.52,16.0,4.3
2025-03-05,Q1 2025,Mar,Europe,Germany,Services,Implementation,Sophie Dupont,Enterprise,Lead,19,564.22,9239.08,7649.15,1589.93,24.0,4.3
2025-03-05,Q1 2025,Mar,North America,USA,Software,Cloud Suite,Mike Johnson,SMB,Closed Won,21,1891.83,45568.19,29541.8,16026.39,6.9,3.9
2025-03-06,Q1 2025,Mar,Latin America,Colombia,Software,Security Pro,Carlos Silva,Education,Closed Won,4,1269.72,6560.29,4181.82,2378.47,16.8,4.6
2025-03-06,Q1 2025,Mar,Asia Pacific,Japan,Services,Training,Raj Patel,Government,Closed Won,182,249.89,43416.1,35152.24,8263.86,19.1,3.0
2025-03-06,Q1 2025,Mar,Europe,UK,Subscriptions,Professional Plan,Hans Mueller,Enterprise,Closed Won,134,241.85,32088.49,20053.48,12035.01,23.6,4.1
2025-03-07,Q1 2025,Mar,Europe,France,Hardware,Desktop Plus,James Clarke,SMB,Qualified,18,1409.15,20227.64,14194.89,6032.75,7.7,3.3
2025-03-07,Q1 2025,Mar,Latin America,Brazil,Services,Training,Carlos Silva,SMB,Qualified,117,100.93,16939.86,13059.9,3879.96,7.6,3.7
2025-03-08,Q1 2025,Mar,Latin America,Mexico,Services,Training,Pedro Morales,Enterprise,Qualified,51,165.39,7558.19,5849.02,1709.17,11.5,3.1
2025-03-08,Q1 2025,Mar,Europe,France,Services,Training,Sophie Dupont,Education,Proposal,134,86.36,10537.7,8355.22,2182.48,19.7,4.7
2025-03-08,Q1 2025,Mar,North America,Canada,Hardware,Desktop Plus,Elena Rodriguez,SMB,Closed Lost,90,1271.43,98478.25,75729.86,22748.39,9.6,3.5
2025-03-08,Q1 2025,Mar,North America,USA,Hardware,Server Rack,Mike Johnson,SMB,Lead,40,4551.88,208838.8,157241.01,51597.79,6.9,3.4
2025-03-09,Q1 2025,Mar,Europe,UK,Hardware,Server Rack,James Clarke,SMB,Closed Won,80,3437.98,224325.72,160421.28,63904.44,5.6,3.2
2025-03-09,Q1 2025,Mar,Asia Pacific,Japan,Software,Cloud Suite,Liam Zhang,Government,Qualified,30,818.59,22455.12,14576.17,7878.95,13.9,3.3
2025-03-10,Q1 2025,Mar,North America,USA,Hardware,Server Rack,Sarah Chen,Education,Qualified,17,3984.69,78523.9,58039.72,20484.18,17.2,4.2
2025-03-10,Q1 2025,Mar,Asia Pacific,Japan,Software,Cloud Suite,Yuki Tanaka,SMB,Qualified,41,851.36,49154.71,27902.48,21252.23,8.2,4.4
2025-03-11,Q1 2025,Mar,Latin America,Colombia,Subscriptions,Professional Plan,Ana Gutierrez,Enterprise,Negotiation,133,211.03,32464.53,18840.97,13623.56,18.4,3.4
2025-03-11,Q1 2025,Mar,Europe,Germany,Software,Data Platform,Sophie Dupont,SMB,Closed Won,23,1659.12,42926.98,25286.38,17640.6,0.8,3.8
2025-03-11,Q1 2025,Mar,Latin America,Brazil,Software,Cloud Suite,Ana Gutierrez,SMB,Closed Won,5,2346.89,15752.0,9586.84,6165.16,5.3,3.6
2025-03-12,Q1 2025,Mar,North America,Canada,Hardware,Networking Kit,Elena Rodriguez,SMB,Closed Won,100,667.93,58881.5,46394.06,12487.44,7.4,3.4
2025-03-12,Q1 2025,Mar,Latin America,Colombia,Hardware,Desktop Plus,Ana Gutierrez,Enterprise,Closed Won,23,1753.09,48639.0,36168.22,12470.78,14.9,4.0
2025-03-12,Q1 2025,Mar,Europe,UK,Services,Consulting,Hans Mueller,Education,Closed Won,92,167.83,15248.16,13154.08,2094.08,23.8,4.6
2025-03-12,Q1 2025,Mar,North America,USA,Hardware,Server Rack,Sarah Chen,SMB,Lead,36,4297.14,204447.61,157035.52,47412.09,5.6,4.7
2025-03-12,Q1 2025,Mar,Latin America,Brazil,Subscriptions,Enterprise Plan,Pedro Morales,SMB,Closed Lost,373,731.32,271773.07,174048.37,97724.7,1.6,2.9
2025-03-13,Q1 2025,Mar,North America,Canada,Services,Support,Elena Rodriguez,Government,Closed Won,148,207.54,26551.33,19707.77,6843.56,9.2,2.6
2025-03-13,Q1 2025,Mar,Europe,Germany,Hardware,Desktop Plus,Sophie Dupont,SMB,Closed Won,65,819.53,55756.17,39155.65,16600.52,7.7,3.4
2025-03-13,Q1 2025,Mar,Asia Pacific,India,Services,Training,Yuki Tanaka,SMB,Proposal,191,86.03,23341.01,18434.59,4906.42,7.4,4.2
2025-03-13,Q1 2025,Mar,Asia Pacific,India,Services,Support,Raj Patel,SMB,Closed Won,80,145.53,13202.25,9316.32,3885.93,3.9,3.7
2025-03-13,Q1 2025,Mar,North America,USA,Software,Data Platform,Elena Rodriguez,SMB,Closed Lost,6,3489.57,18397.63,10690.79,7706.84,7.7,3.4
2025-03-13,Q1 2025,Mar,Europe,Germany,Hardware,Laptop Pro,Hans Mueller,Education,Closed Lost,69,2931.87,211841.07,156495.02,55346.05,19.2,4.5
2025-03-13,Q1 2025,Mar,North America,Canada,Subscriptions,Professional Plan,Elena Rodriguez,Education,Lead,20,131.15,2017.65,1205.17,812.48,19.2,3.8
2025-03-13,Q1 2025,Mar,Europe,France,Services,Consulting,Sophie Dupont,Education,Negotiation,129,463.47,50849.38,41489.04,9360.34,25.0,3.6
2025-03-14,Q1 2025,Mar,North America,USA,Services,Support,Elena Rodriguez,Enterprise,Qualified,41,315.29,9586.69,7668.15,1918.54,22.1,3.6
2025-03-14,Q1 2025,Mar,North America,USA,Hardware,Laptop Pro,Elena Rodriguez,Enterprise,Lead,91,1263.28,97730.34,70283.62,27446.72,10.7,2.7
2025-03-14,Q1 2025,Mar,North America,Canada,Subscriptions,Basic Plan,Elena Rodriguez,Enterprise,Closed Won,332,63.04,15082.98,8769.07,6313.91,24.3,2.8
2025-03-14,Q1 2025,Mar,North America,USA,Software,Data Platform,Sarah Chen,Enterprise,Lead,20,1914.05,44750.49,25655.11,19095.38,16.5,3.8
2025-03-15,Q1 2025,Mar,Europe,UK,Services,Training,James Clarke,SMB,Lead,168,52.65,7007.95,5510.54,1497.41,8.3,3.1
2025-03-15,Q1 2025,Mar,North America,Canada,Subscriptions,Professional Plan,Mike Johnson,Government,Closed Lost,434,202.5,96472.42,61939.65,34532.77,10.9,3.0
2025-03-15,Q1 2025,Mar,North America,Canada,Subscriptions,Professional Plan,Sarah Chen,Education,Lead,67,115.42,8877.64,5615.81,3261.83,18.0,4.1
2025-03-15,Q1 2025,Mar,Asia Pacific,Australia,Subscriptions,Professional Plan,Yuki Tanaka,SMB,Lead,219,201.35,61757.81,39559.54,22198.27,8.7,4.1
2025-03-15,Q1 2025,Mar,North America,Canada,Services,Consulting,Mike Johnson,SMB,Closed Won,31,167.38,6271.12,5091.57,1179.55,1.9,3.9
2025-03-16,Q1 2025,Mar,North America,Canada,Services,Support,Sarah Chen,Enterprise,Closed Lost,86,296.59,28853.22,22755.77,6097.45,19.2,3.9
2025-03-16,Q1 2025,Mar,Europe,UK,Software,Cloud Suite,Sophie Dupont,Government,Lead,2,954.99,1752.23,1132.56,619.67,19.1,4.1
2025-03-16,Q1 2025,Mar,Europe,France,Subscriptions,Enterprise Plan,Hans Mueller,Government,Lead,36,734.54,32351.54,18206.9,14144.64,5.6,3.7
2025-03-17,Q1 2025,Mar,Asia Pacific,Australia,Services,Implementation,Yuki Tanaka,Enterprise,Lead,58,387.43,30092.68,22630.13,7462.55,12.7,4.6
2025-03-17,Q1 2025,Mar,North America,Canada,Services,Implementation,Sarah Chen,Enterprise,Closed Lost,54,441.23,28887.15,24111.15,4776.0,13.4,4.4
2025-03-17,Q1 2025,Mar,Asia Pacific,India,Subscriptions,Basic Plan,Liam Zhang,SMB,Closed Won,242,26.6,6385.11,3718.19,2666.92,6.6,4.1
2025-03-17,Q1 2025,Mar,Asia Pacific,Australia,Software,Security Pro,Raj Patel,SMB,Closed Lost,3,1087.63,3499.84,2178.84,1321.0,9.1,4.3
2025-03-17,Q1 2025,Mar,North America,Canada,Hardware,Networking Kit,Elena Rodriguez,Enterprise,Negotiation,4,1171.55,3845.61,2905.0,940.61,13.8,2.8
2025-03-17,Q1 2025,Mar,North America,USA,Hardware,Laptop Pro,Sarah Chen,SMB,Closed Won,60,2167.25,168213.28,121889.82,46323.46,7.6,4.2
2025-03-17,Q1 2025,Mar,Europe,UK,Services,Consulting,Sophie Dupont,SMB,Closed Won,59,245.0,15113.4,12789.28,2324.12,7.8,3.1
2025-03-18,Q1 2025,Mar,Europe,Germany,Subscriptions,Professional Plan,Hans Mueller,SMB,Proposal,235,218.42,60867.63,37724.98,23142.65,8.5,3.7
2025-03-18,Q1 2025,Mar,Asia Pacific,India,Subscriptions,Professional Plan,Raj Patel,SMB,Negotiation,70,110.39,8233.75,4688.9,3544.85,9.7,2.9
2025-03-18,Q1 2025,Mar,Latin America,Colombia,Services,Consulting,Pedro Morales,SMB,Negotiation,117,306.55,34862.09,28837.5,6024.59,4.0,2.7
2025-03-19,Q1 2025,Mar,Asia Pacific,Japan,Software,Security Pro,Liam Zhang,SMB,Lead,31,674.65,20567.23,12276.85,8290.38,7.4,3.5
2025-03-19,Q1 2025,Mar,Europe,UK,Services,Support,James Clarke,SMB,Lead,118,233.85,22959.34,17599.07,5360.27,3.7,3.7
2025-03-19,Q1 2025,Mar,North America,USA,Hardware,Desktop Plus,Elena Rodriguez,SMB,Negotiation,93,1034.45,82976.98,61039.3,21937.68,9.4,3.6
2025-03-20,Q1 2025,Mar,North America,Canada,Hardware,Desktop Plus,Elena Rodriguez,SMB,Closed Lost,79,1212.99,84840.69,64992.2,19848.49,7.0,3.1
2025-03-20,Q1 2025,Mar,North America,USA,Subscriptions,Enterprise Plan,Sarah Chen,Enterprise,Qualified,379,624.81,297708.72,186902.2,110806.52,10.2,4.1
2025-03-20,Q1 2025,Mar,Europe,UK,Subscriptions,Professional Plan,Hans Mueller,SMB,Closed Lost,175,244.61,51871.51,31814.29,20057.22,6.5,3.8
2025-03-20,Q1 2025,Mar,North America,USA,Services,Training,Elena Rodriguez,Government,Proposal,71,203.73,11319.37,8721.34,2598.03,17.8,3.2
2025-03-20,Q1 2025,Mar,North America,Canada,Services,Consulting,Sarah Chen,Education,Closed Won,194,388.66,79908.96,67474.03,12434.93,24.3,4.0
2025-03-20,Q1 2025,Mar,Latin America,Mexico,Software,Cloud Suite,Ana Gutierrez,SMB,Lead,2,1827.32,4776.38,2692.98,2083.4,7.8,3.3
2025-03-21,Q1 2025,Mar,Europe,Germany,Services,Implementation,James Clarke,Education,Qualified,178,603.02,75675.56,61888.91,13786.65,18.4,3.8
2025-03-21,Q1 2025,Mar,Asia Pacific,Japan,Services,Training,Liam Zhang,SMB,Qualified,150,171.25,27089.16,20157.84,6931.32,0.7,3.7
2025-03-21,Q1 2025,Mar,Europe,Germany,Software,Data Platform,James Clarke,Education,Closed Won,1,2318.88,1566.75,936.38,630.37,21.8,2.8
2025-03-21,Q1 2025,Mar,North America,USA,Hardware,Desktop Plus,Sarah Chen,SMB,Qualified,94,1974.04,247833.62,184232.94,63600.68,4.6,3.7
2025-03-22,Q1 2025,Mar,Europe,UK,Services,Support,Sophie Dupont,SMB,Negotiation,105,263.84,31038.44,22945.87,8092.57,1.2,3.9
2025-03-22,Q1 2025,Mar,North America,USA,Hardware,Desktop Plus,Mike Johnson,Government,Closed Won,6,1077.41,6674.01,5252.71,1421.3,16.2,3.9
2025-03-23,Q1 2025,Mar,Asia Pacific,Japan,Hardware,Server Rack,Liam Zhang,Government,Closed Won,35,3621.18,108083.21,82669.7,25413.51,19.7,3.8
2025-03-23,Q1 2025,Mar,North America,USA,Services,Training,Sarah Chen,SMB,Qualified,78,240.69,25521.13,19758.58,5762.55,2.9,3.7
2025-03-23,Q1 2025,Mar,North America,USA,Hardware,Desktop Plus,Sarah Chen,SMB,Closed Won,82,1927.45,206667.36,153588.59,53078.77,6.6,4.3
2025-03-23,Q1 2025,Mar,Asia Pacific,Australia,Subscriptions,Enterprise Plan,Liam Zhang,SMB,Lead,21,495.65,10136.51,6434.26,3702.25,8.3,3.1
2025-03-23,Q1 2025,Mar,North America,Canada,Hardware,Desktop Plus,Elena Rodriguez,Education,Proposal,78,972.68,61321.0,44332.97,16988.03,15.1,3.6
2025-03-24,Q1 2025,Mar,Asia Pacific,Australia,Subscriptions,Enterprise Plan,Yuki Tanaka,Government,Closed Won,414,555.42,303703.9,189123.28,114580.62,13.9,4.4
2025-03-24,Q1 2025,Mar,Europe,Germany,Services,Support,Hans Mueller,SMB,Negotiation,199,356.79,86404.5,61598.95,24805.55,6.1,3.8
2025-03-24,Q1 2025,Mar,Latin America,Colombia,Hardware,Desktop Plus,Pedro Morales,Enterprise,Qualified,24,1523.16,31608.92,23958.36,7650.56,14.6,3.0
2025-03-25,Q1 2025,Mar,Asia Pacific,Japan,Software,Data Platform,Raj Patel,SMB,Closed Lost,46,3350.96,179161.76,106616.89,72544.87,1.5,3.3
2025-03-25,Q1 2025,Mar,North America,USA,Software,Cloud Suite,Elena Rodriguez,Education,Negotiation,14,1893.76,21151.15,12275.12,8876.03,16.2,3.7
2025-03-26,Q1 2025,Mar,North America,USA,Services,Support,Sarah Chen,Education,Proposal,20,198.22,4273.62,3363.44,910.18,23.0,4.5
2025-03-26,Q1 2025,Mar,North America,USA,Hardware,Desktop Plus,Elena Rodriguez,SMB,Closed Lost,27,1988.33,48399.31,36972.36,11426.95,5.3,2.4
2025-03-27,Q1 2025,Mar,Asia Pacific,Australia,Software,Security Pro,Raj Patel,SMB,Proposal,1,1016.72,1150.54,654.39,496.15,4.1,3.5
2025-03-28,Q1 2025,Mar,Asia Pacific,Japan,Services,Support,Yuki Tanaka,SMB,Proposal,162,182.03,43833.6,31241.42,12592.18,3.1,3.9
2025-03-29,Q1 2025,Mar,Europe,France,Software,Cloud Suite,James Clarke,SMB,Lead,23,2181.22,41481.36,25960.81,15520.55,4.3,2.6
2025-03-29,Q1 2025,Mar,Asia Pacific,Australia,Software,Security Pro,Raj Patel,Education,Closed Won,32,1020.27,29086.67,17523.48,11563.19,24.5,3.7
2025-03-29,Q1 2025,Mar,Asia Pacific,Australia,Subscriptions,Professional Plan,Raj Patel,Enterprise,Qualified,60,201.91,12808.52,7226.62,5581.9,10.4,3.6
2025-03-30,Q1 2025,Mar,Asia Pacific,Japan,Hardware,Desktop Plus,Yuki Tanaka,Enterprise,Lead,93,1637.72,204669.0,162698.82,41970.18,12.4,4.5
2025-03-30,Q1 2025,Mar,Asia Pacific,India,Services,Training,Liam Zhang,Government,Lead,33,102.84,3391.49,2668.23,723.26,5.9,4.2
2025-03-30,Q1 2025,Mar,Latin America,Colombia,Software,Cloud Suite,Ana Gutierrez,SMB,Closed Lost,6,1457.02,11289.07,6635.89,4653.18,8.9,3.5
2025-03-30,Q1 2025,Mar,North America,Canada,Software,Cloud Suite,Mike Johnson,SMB,Closed Lost,50,1954.78,109456.73,67086.7,42370.03,9.1,4.4
2025-03-30,Q1 2025,Mar,North America,USA,Software,Data Platform,Elena Rodriguez,Education,Lead,7,3292.53,18167.5,11798.48,6369.02,17.2,4.0
2025-03-31,Q1 2025,Mar,North America,Canada,Subscriptions,Basic Plan,Mike Johnson,Enterprise,Proposal,483,48.79,25026.26,15705.96,9320.3,13.8,4.1
2025-03-31,Q1 2025,Mar,Europe,Germany,Services,Training,James Clarke,Enterprise,Closed Won,100,179.69,12156.24,9499.62,2656.62,21.7,3.2
2025-03-31,Q1 2025,Mar,Europe,UK,Services,Support,Sophie Dupont,Government,Closed Lost,152,380.78,56576.76,42868.99,13707.77,13.8,3.6
2025-03-31,Q1 2025,Mar,Europe,Germany,Subscriptions,Enterprise Plan,Sophie Dupont,Enterprise,Lead,112,428.95,41949.66,25919.21,16030.45,23.0,3.4
2025-04-01,Q2 2025,Apr,North America,Canada,Hardware,Server Rack,Sarah Chen,SMB,Qualified,11,4318.85,61655.04,47897.63,13757.41,7.3,4.4
2025-04-01,Q2 2025,Apr,North America,Canada,Subscriptions,Basic Plan,Sarah Chen,SMB,Closed Won,249,64.04,20292.83,13131.21,7161.62,9.1,3.5
2025-04-01,Q2 2025,Apr,Europe,UK,Subscriptions,Enterprise Plan,James Clarke,Education,Qualified,299,552.96,112565.39,62574.15,49991.24,21.2,3.2
2025-04-01,Q2 2025,Apr,Latin America,Mexico,Hardware,Laptop Pro,Pedro Morales,Enterprise,Negotiation,57,2199.36,107383.26,83689.98,23693.28,15.4,2.5
2025-04-02,Q2 2025,Apr,Asia Pacific,India,Hardware,Desktop Plus,Yuki Tanaka,SMB,Negotiation,68,1447.62,142849.91,105880.18,36969.73,5.4,4.7
2025-04-02,Q2 2025,Apr,North America,USA,Subscriptions,Enterprise Plan,Mike Johnson,Enterprise,Proposal,371,504.54,178954.22,110662.51,68291.71,22.4,3.9
2025-04-03,Q2 2025,Apr,North America,Canada,Subscriptions,Professional Plan,Mike Johnson,Enterprise,Lead,78,242.64,18746.65,10657.37,8089.28,19.6,5.0
2025-04-03,Q2 2025,Apr,Latin America,Colombia,Subscriptions,Basic Plan,Ana Gutierrez,Education,Closed Lost,481,63.85,36133.26,20578.71,15554.55,17.0,4.2
2025-04-04,Q2 2025,Apr,Europe,Germany,Software,Data Platform,Sophie Dupont,SMB,Lead,33,1731.94,64553.41,38262.55,26290.86,0.4,3.1
2025-04-04,Q2 2025,Apr,Europe,Germany,Subscriptions,Enterprise Plan,Sophie Dupont,SMB,Lead,470,306.65,162784.56,93537.09,69247.47,0.4,3.2
2025-04-05,Q2 2025,Apr,North America,Canada,Software,Cloud Suite,Sarah Chen,Government,Closed Lost,37,1050.9,44474.72,27863.85,16610.87,18.3,3.6
2025-04-06,Q2 2025,Apr,North America,USA,Subscriptions,Basic Plan,Sarah Chen,SMB,Closed Lost,149,36.14,7131.71,4422.65,2709.06,5.4,3.9
2025-04-06,Q2 2025,Apr,North America,USA,Hardware,Desktop Plus,Elena Rodriguez,Education,Closed Won,100,1868.95,135400.19,101805.49,33594.7,23.9,4.1
2025-04-06,Q2 2025,Apr,North America,Canada,Software,Data Platform,Sarah Chen,SMB,Qualified,30,1959.73,76629.36,47107.22,29522.14,6.9,4.1
2025-04-07,Q2 2025,Apr,Europe,France,Subscriptions,Basic Plan,Hans Mueller,SMB,Closed Lost,230,74.84,20523.64,11840.36,8683.28,8.0,3.5
2025-04-07,Q2 2025,Apr,North America,USA,Hardware,Server Rack,Sarah Chen,SMB,Proposal,6,4012.75,30707.17,23928.24,6778.93,8.9,4.5
2025-04-07,Q2 2025,Apr,North America,USA,Hardware,Laptop Pro,Sarah Chen,Enterprise,Lead,7,2726.16,20731.9,16135.94,4595.96,22.4,5.0
2025-04-08,Q2 2025,Apr,Asia Pacific,India,Services,Implementation,Liam Zhang,Education,Closed Won,98,688.78,54480.96,45151.59,9329.37,24.0,3.5
2025-04-09,Q2 2025,Apr,Asia Pacific,Japan,Services,Support,Raj Patel,Government,Lead,196,384.14,73562.75,53055.85,20506.9,17.2,4.0
2025-04-09,Q2 2025,Apr,Asia Pacific,India,Hardware,Server Rack,Liam Zhang,SMB,Proposal,53,4007.87,205284.14,147485.28,57798.86,9.0,3.7
2025-04-09,Q2 2025,Apr,Asia Pacific,Australia,Services,Implementation,Liam Zhang,Enterprise,Closed Won,48,273.14,11069.25,8551.76,2517.49,20.5,3.0
2025-04-10,Q2 2025,Apr,North America,USA,Hardware,Desktop Plus,Sarah Chen,SMB,Negotiation,65,1106.85,98608.16,77174.28,21433.88,2.1,3.3
2025-04-10,Q2 2025,Apr,Latin America,Brazil,Hardware,Networking Kit,Carlos Silva,Enterprise,Closed Won,61,737.84,56529.11,41447.72,15081.39,19.1,4.5
2025-04-10,Q2 2025,Apr,North America,Canada,Services,Implementation,Elena Rodriguez,Enterprise,Lead,12,214.65,2150.55,1797.25,353.3,12.3,3.4
2025-04-10,Q2 2025,Apr,Latin America,Brazil,Services,Consulting,Ana Gutierrez,SMB,Closed Won,128,153.68,25346.28,20702.75,4643.53,9.1,3.1
2025-04-11,Q2 2025,Apr,Europe,France,Subscriptions,Basic Plan,James Clarke,SMB,Qualified,172,32.87,4791.93,2814.48,1977.45,1.9,2.9
2025-04-11,Q2 2025,Apr,Europe,UK,Software,Cloud Suite,James Clarke,Government,Lead,8,2317.94,15220.52,8826.01,6394.51,5.0,3.5
2025-04-11,Q2 2025,Apr,North America,USA,Services,Training,Mike Johnson,SMB,Lead,182,237.07,52784.69,41120.04,11664.65,0.7,3.7
2025-04-11,Q2 2025,Apr,North America,USA,Software,Data Platform,Elena Rodriguez,Enterprise,Lead,46,1667.24,62206.03,34729.23,27476.8,14.8,3.6
2025-04-12,Q2 2025,Apr,North America,Canada,Software,Data Platform,Elena Rodriguez,Enterprise,Lead,17,1603.3,20161.45,11892.24,8269.21,22.3,3.9
2025-04-12,Q2 2025,Apr,North America,USA,Software,Cloud Suite,Elena Rodriguez,Government,Closed Lost,26,1875.02,43115.35,24424.19,18691.16,7.1,4.0
2025-04-12,Q2 2025,Apr,Asia Pacific,Japan,Hardware,Desktop Plus,Liam Zhang,Enterprise,Lead,2,1936.48,3084.81,2394.5,690.31,25.0,3.3
2025-04-13,Q2 2025,Apr,North America,Canada,Software,Cloud Suite,Mike Johnson,Education,Closed Won,33,1892.91,59026.9,35273.47,23753.43,23.3,4.5
2025-04-13,Q2 2025,Apr,North America,USA,Services,Support,Sarah Chen,Enterprise,Qualified,98,341.21,36842.63,29016.58,7826.05,21.3,3.8
2025-04-14,Q2 2025,Apr,Asia Pacific,Japan,Software,Cloud Suite,Yuki Tanaka,SMB,Closed Lost,33,2469.56,115387.98,74026.75,41361.23,7.7,4.0
2025-04-14,Q2 2025,Apr,North America,Canada,Services,Consulting,Mike Johnson,SMB,Closed Lost,70,346.68,29688.4,24840.04,4848.36,0.7,4.3
2025-04-14,Q2 2025,Apr,Europe,UK,Software,Cloud Suite,Sophie Dupont,Education,Negotiation,9,1160.47,9581.6,5334.16,4247.44,19.1,4.4
2025-04-14,Q2 2025,Apr,North America,USA,Subscriptions,Professional Plan,Mike Johnson,Education,Closed Lost,37,88.32,3083.9,1853.08,1230.82,23.4,4.5
2025-04-15,Q2 2025,Apr,Latin America,Mexico,Services,Implementation,Ana Gutierrez,SMB,Closed Won,147,559.82,111168.49,93938.05,17230.44,4.7,3.0
2025-04-15,Q2 2025,Apr,Asia Pacific,Japan,Software,Cloud Suite,Yuki Tanaka,SMB,Proposal,21,2094.32,63890.7,38464.71,25425.99,5.3,4.4
2025-04-15,Q2 2025,Apr,North America,Canada,Software,Data Platform,Mike Johnson,Enterprise,Closed Won,46,3402.38,149049.61,90471.03,58578.58,22.7,5.0
2025-04-16,Q2 2025,Apr,North America,USA,Subscriptions,Basic Plan,Mike Johnson,Enterprise,Proposal,485,58.54,27108.59,16377.4,10731.19,22.5,3.9
2025-04-16,Q2 2025,Apr,Europe,UK,Hardware,Desktop Plus,Hans Mueller,Government,Closed Won,34,1128.58,45254.07,31906.81,13347.26,9.0,4.1
2025-04-17,Q2 2025,Apr,Europe,France,Services,Support,Hans Mueller,Enterprise,Closed Won,181,164.39,29962.63,22878.63,7084.0,22.3,4.3
2025-04-17,Q2 2025,Apr,Europe,Germany,Hardware,Laptop Pro,James Clarke,Government,Negotiation,38,1863.58,56596.18,42478.16,14118.02,7.5,3.7
2025-04-17,Q2 2025,Apr,North America,Canada,Hardware,Networking Kit,Sarah Chen,Government,Lead,99,746.37,84309.21,65731.39,18577.82,18.5,4.5
2025-04-18,Q2 2025,Apr,North America,Canada,Hardware,Laptop Pro,Mike Johnson,Enterprise,Proposal,64,1225.4,75653.73,59762.89,15890.84,21.7,3.6
2025-04-18,Q2 2025,Apr,Asia Pacific,India,Services,Consulting,Raj Patel,SMB,Closed Won,91,448.18,46537.42,39522.49,7014.93,3.3,3.6
2025-04-18,Q2 2025,Apr,Asia Pacific,Japan,Software,Cloud Suite,Liam Zhang,SMB,Lead,39,1167.38,46368.17,26422.22,19945.95,4.1,3.2
2025-04-18,Q2 2025,Apr,Latin America,Brazil,Hardware,Server Rack,Ana Gutierrez,SMB,Negotiation,10,3675.09,50739.95,39164.95,11575.0,2.6,2.4
2025-04-18,Q2 2025,Apr,Europe,Germany,Software,Data Platform,James Clarke,SMB,Negotiation,46,2292.49,86283.75,48036.79,38246.96,5.3,3.0
2025-04-18,Q2 2025,Apr,Europe,Germany,Services,Training,Hans Mueller,SMB,Closed Won,26,138.61,4511.8,3588.37,923.43,3.4,4.1
2025-04-19,Q2 2025,Apr,North America,USA,Software,Cloud Suite,Sarah Chen,Education,Closed Won,37,1139.34,47037.2,29615.17,17422.03,20.3,4.3
2025-04-19,Q2 2025,Apr,Europe,Germany,Services,Consulting,James Clarke,SMB,Closed Won,32,449.53,11247.89,8990.53,2257.36,9.5,2.9
2025-04-19,Q2 2025,Apr,Latin America,Mexico,Software,Security Pro,Pedro Morales,Enterprise,Qualified,42,943.92,32031.88,20101.35,11930.53,20.2,3.5
2025-04-19,Q2 2025,Apr,Europe,France,Software,Security Pro,James Clarke,Enterprise,Lead,46,1118.53,34052.42,21419.24,12633.18,23.4,2.9
2025-04-20,Q2 2025,Apr,North America,Canada,Subscriptions,Enterprise Plan,Elena Rodriguez,SMB,Lead,478,575.45,244055.36,153294.22,90761.14,6.8,3.4
2025-04-21,Q2 2025,Apr,North America,USA,Hardware,Server Rack,Sarah Chen,SMB,Closed Won,73,4795.91,467595.47,364490.94,103104.53,4.6,4.1
2025-04-21,Q2 2025,Apr,Asia Pacific,Japan,Software,Cloud Suite,Raj Patel,SMB,Closed Won,50,953.75,51206.84,28312.26,22894.58,9.0,3.2
2025-04-21,Q2 2025,Apr,North America,USA,Software,Data Platform,Mike Johnson,Enterprise,Closed Lost,50,1959.89,95859.0,56381.72,39477.28,20.6,4.2
2025-04-22,Q2 2025,Apr,North America,Canada,Software,Cloud Suite,Elena Rodriguez,SMB,Closed Won,48,1517.71,68382.33,40254.59,28127.74,1.4,3.7
2025-04-22,Q2 2025,Apr,North America,USA,Subscriptions,Enterprise Plan,Elena Rodriguez,Government,Lead,137,625.76,76227.59,42788.95,33438.64,6.6,3.5
2025-04-23,Q2 2025,Apr,Latin America,Brazil,Subscriptions,Enterprise Plan,Pedro Morales,Enterprise,Closed Won,223,448.71,88648.97,53646.88,35002.09,12.5,4.3
2025-04-23,Q2 2025,Apr,North America,Canada,Software,Data Platform,Elena Rodriguez,Enterprise,Lead,32,1919.44,43913.84,24843.2,19070.64,24.9,3.7
2025-04-23,Q2 2025,Apr,Latin America,Colombia,Services,Support,Pedro Morales,Government,Negotiation,71,125.36,7993.48,5668.72,2324.76,11.3,3.0
2025-04-24,Q2 2025,Apr,Europe,Germany,Services,Support,Hans Mueller,Enterprise,Closed Won,114,304.4,38047.39,26809.31,11238.08,15.4,4.2
2025-04-24,Q2 2025,Apr,Europe,Germany,Subscriptions,Basic Plan,James Clarke,Enterprise,Lead,367,43.76,11392.01,6569.24,4822.77,17.9,3.1
2025-04-25,Q2 2025,Apr,Europe,UK,Software,Security Pro,James Clarke,Education,Closed Won,22,1546.2,23423.97,13343.11,10080.86,20.3,2.9
2025-04-25,Q2 2025,Apr,Europe,Germany,Hardware,Desktop Plus,James Clarke,Enterprise,Closed Won,53,1679.39,62983.25,45755.1,17228.15,18.1,3.2
2025-04-25,Q2 2025,Apr,Europe,France,Hardware,Desktop Plus,James Clarke,Enterprise,Proposal,85,994.2,57827.13,40992.88,16834.25,20.8,3.3
2025-04-25,Q2 2025,Apr,Asia Pacific,India,Hardware,Networking Kit,Liam Zhang,Education,Lead,61,1009.47,52316.39,36818.83,15497.56,20.0,3.9
2025-04-26,Q2 2025,Apr,North America,USA,Subscriptions,Basic Plan,Mike Johnson,SMB,Closed Won,70,43.81,3615.71,2205.67,1410.04,4.3,3.9
2025-04-27,Q2 2025,Apr,North America,USA,Software,Cloud Suite,Mike Johnson,Enterprise,Lead,36,1088.48,41227.93,26555.78,14672.15,14.6,5.0
2025-04-27,Q2 2025,Apr,Asia Pacific,Australia,Software,Cloud Suite,Yuki Tanaka,Education,Closed Lost,3,862.56,3223.23,2017.64,1205.59,18.8,4.5
2025-04-27,Q2 2025,Apr,Asia Pacific,Japan,Services,Implementation,Raj Patel,SMB,Lead,200,497.6,113440.86,93923.04,19517.82,3.4,3.0
2025-04-27,Q2 2025,Apr,North America,USA,Hardware,Server Rack,Elena Rodriguez,Government,Proposal,88,3247.6,226363.02,172431.23,53931.79,16.8,3.3
2025-04-27,Q2 2025,Apr,North America,USA,Subscriptions,Enterprise Plan,Elena Rodriguez,Education,Lead,498,388.19,155697.27,98412.81,57284.46,15.4,3.8
2025-04-28,Q2 2025,Apr,Europe,Germany,Hardware,Server Rack,James Clarke,Government,Lead,45,3715.62,120482.4,92711.97,27770.43,16.6,3.0
2025-04-28,Q2 2025,Apr,Latin America,Colombia,Subscriptions,Professional Plan,Pedro Morales,SMB,Closed Lost,300,133.25,36993.86,23278.29,13715.57,8.6,2.8
2025-04-28,Q2 2025,Apr,Europe,UK,Subscriptions,Enterprise Plan,Sophie Dupont,SMB,Qualified,396,735.94,325857.38,206905.92,118951.46,1.4,3.6
2025-04-29,Q2 2025,Apr,North America,USA,Subscriptions,Enterprise Plan,Mike Johnson,Enterprise,Negotiation,45,419.45,20928.88,13555.2,7373.68,10.0,4.1
2025-04-29,Q2 2025,Apr,North America,USA,Subscriptions,Basic Plan,Elena Rodriguez,SMB,Qualified,180,25.31,3912.08,2388.91,1523.17,9.8,3.3
2025-04-30,Q2 2025,Apr,Europe,Germany,Subscriptions,Professional Plan,Hans Mueller,SMB,Closed Won,140,219.84,39728.22,23331.2,16397.02,0.4,4.1
2025-04-30,Q2 2025,Apr,Asia Pacific,Australia,Subscriptions,Basic Plan,Liam Zhang,Enterprise,Proposal,257,53.62,12995.63,7748.79,5246.84,11.2,3.8
2025-04-30,Q2 2025,Apr,North America,USA,Subscriptions,Basic Plan,Mike Johnson,Government,Closed Lost,466,75.06,38912.84,24093.21,14819.63,9.7,3.7
2025-04-30,Q2 2025,Apr,North America,USA,Services,Implementation,Sarah Chen,Enterprise,Negotiation,164,792.53,139385.1,113894.12,25490.98,23.4,4.1
2025-04-30,Q2 2025,Apr,Asia Pacific,India,Subscriptions,Enterprise Plan,Liam Zhang,SMB,Qualified,189,681.4,134444.17,76857.32,57586.85,1.7,2.8
2025-05-01,Q2 2025,May,North America,Canada,Software,Security Pro,Sarah Chen,Government,Lead,10,1280.02,16379.14,9895.78,6483.36,8.6,3.3
2025-05-01,Q2 2025,May,Latin America,Mexico,Hardware,Networking Kit,Ana Gutierrez,SMB,Proposal,49,934.96,62732.02,45932.43,16799.59,3.4,3.5
2025-05-01,Q2 2025,May,Asia Pacific,Australia,Hardware,Server Rack,Raj Patel,Enterprise,Lead,72,3316.39,252739.16,180263.61,72475.55,10.3,4.2
2025-05-01,Q2 2025,May,North America,Canada,Subscriptions,Basic Plan,Elena Rodriguez,SMB,Qualified,247,78.17,17572.43,10450.54,7121.89,4.4,3.4
2025-05-02,Q2 2025,May,Asia Pacific,India,Subscriptions,Professional Plan,Raj Patel,Enterprise,Negotiation,163,129.25,21429.27,13875.08,7554.19,13.8,3.7
2025-05-02,Q2 2025,May,North America,USA,Subscriptions,Enterprise Plan,Elena Rodriguez,SMB,Closed Lost,321,436.28,121191.22,73836.77,47354.45,9.1,3.3
2025-05-02,Q2 2025,May,North America,Canada,Subscriptions,Basic Plan,Elena Rodriguez,Enterprise,Negotiation,391,62.46,19948.17,12107.17,7841.0,14.2,2.9
2025-05-02,Q2 2025,May,North America,USA,Hardware,Server Rack,Mike Johnson,Government,Closed Won,52,4202.87,222941.21,157580.71,65360.5,17.2,4.2
2025-05-03,Q2 2025,May,Latin America,Mexico,Subscriptions,Enterprise Plan,Ana Gutierrez,Education,Closed Won,204,574.71,139931.05,79212.03,60719.02,15.8,3.5
2025-05-03,Q2 2025,May,Europe,UK,Software,Security Pro,Hans Mueller,Enterprise,Closed Won,1,1682.97,1819.06,1015.31,803.75,16.6,3.9
2025-05-03,Q2 2025,May,North America,USA,Hardware,Desktop Plus,Elena Rodriguez,Government,Closed Won,32,1066.93,28310.07,19932.01,8378.06,12.9,3.6
2025-05-04,Q2 2025,May,Latin America,Colombia,Services,Consulting,Carlos Silva,Enterprise,Proposal,195,236.23,57856.18,45342.04,12514.14,19.1,3.3
2025-05-04,Q2 2025,May,Asia Pacific,Japan,Subscriptions,Basic Plan,Yuki Tanaka,Government,Qualified,335,38.44,17739.03,10282.59,7456.44,10.2,4.3
2025-05-04,Q2 2025,May,Europe,Germany,Services,Consulting,Hans Mueller,Education,Closed Lost,56,234.9,14132.88,11566.15,2566.73,17.1,4.6
2025-05-04,Q2 2025,May,Latin America,Mexico,Subscriptions,Professional Plan,Ana Gutierrez,Education,Closed Lost,233,243.33,61721.41,36800.81,24920.6,23.2,4.6
2025-05-05,Q2 2025,May,Asia Pacific,Australia,Services,Support,Yuki Tanaka,Government,Proposal,143,388.32,71723.79,54459.83,17263.96,15.8,3.7
2025-05-05,Q2 2025,May,Latin America,Colombia,Subscriptions,Enterprise Plan,Pedro Morales,Government,Lead,24,462.78,10627.05,6281.17,4345.88,5.5,2.5
2025-05-06,Q2 2025,May,Europe,Germany,Services,Training,James Clarke,SMB,Proposal,49,213.47,8621.74,6277.42,2344.32,4.6,2.3
2025-05-06,Q2 2025,May,North America,USA,Services,Implementation,Sarah Chen,Enterprise,Closed Won,145,577.87,91734.55,71102.62,20631.93,21.8,4.3
2025-05-06,Q2 2025,May,Europe,France,Subscriptions,Basic Plan,James Clarke,Enterprise,Closed Lost,364,35.33,9822.25,5891.04,3931.21,11.6,3.5
2025-05-07,Q2 2025,May,North America,Canada,Services,Implementation,Mike Johnson,Enterprise,Closed Won,198,710.11,151915.16,124790.0,27125.16,12.3,4.2
2025-05-07,Q2 2025,May,Latin America,Colombia,Hardware,Desktop Plus,Carlos Silva,Enterprise,Lead,77,994.24,101382.41,75053.27,26329.14,14.7,3.4
2025-05-07,Q2 2025,May,Europe,UK,Hardware,Laptop Pro,James Clarke,SMB,Lead,17,2418.78,35455.99,25387.12,10068.87,0.2,3.1
2025-05-07,Q2 2025,May,Asia Pacific,India,Software,Cloud Suite,Raj Patel,Enterprise,Lead,3,2277.87,7047.64,4072.39,2975.25,12.6,3.7
2025-05-08,Q2 2025,May,Asia Pacific,Japan,Software,Data Platform,Raj Patel,Education,Closed Won,3,1693.94,4545.38,2925.11,1620.27,24.2,3.6
2025-05-08,Q2 2025,May,North America,Canada,Hardware,Networking Kit,Mike Johnson,Government,Closed Lost,97,1482.6,158927.44,121392.33,37535.11,10.3,4.5
2025-05-08,Q2 2025,May,Asia Pacific,India,Software,Security Pro,Yuki Tanaka,SMB,Closed Won,35,1638.07,85925.17,51147.03,34778.14,2.3,4.6
2025-05-08,Q2 2025,May,North America,Canada,Services,Training,Sarah Chen,SMB,Proposal,63,147.26,12494.78,9137.51,3357.27,3.8,4.9
2025-05-09,Q2 2025,May,Europe,UK,Subscriptions,Professional Plan,James Clarke,SMB,Lead,139,227.48,25270.48,14935.56,10334.92,7.5,3.6
2025-05-09,Q2 2025,May,Europe,France,Subscriptions,Professional Plan,James Clarke,SMB,Closed Won,457,236.28,86204.29,51146.65,35057.64,7.6,3.3
2025-05-10,Q2 2025,May,Latin America,Mexico,Software,Cloud Suite,Pedro Morales,Government,Lead,28,2157.11,55160.97,32289.86,22871.11,9.8,3.1
2025-05-10,Q2 2025,May,Europe,Germany,Subscriptions,Professional Plan,James Clarke,SMB,Negotiation,137,148.49,17523.73,10028.16,7495.57,0.3,3.0
2025-05-11,Q2 2025,May,Asia Pacific,Australia,Software,Security Pro,Raj Patel,Government,Qualified,50,519.85,24690.28,15347.65,9342.63,19.5,3.3
2025-05-12,Q2 2025,May,Europe,France,Services,Implementation,Hans Mueller,SMB,Qualified,62,492.01,38940.98,31407.44,7533.54,1.5,4.4
2025-05-12,Q2 2025,May,Europe,Germany,Software,Security Pro,James Clarke,Education,Proposal,18,1325.25,16323.35,9865.09,6458.26,20.8,3.8
2025-05-12,Q2 2025,May,Europe,UK,Services,Implementation,James Clarke,Education,Lead,19,353.19,4789.12,4026.66,762.46,17.4,3.5
2025-05-13,Q2 2025,May,North America,Canada,Subscriptions,Basic Plan,Sarah Chen,Enterprise,Lead,17,41.66,837.82,480.57,357.25,15.5,4.4
2025-05-14,Q2 2025,May,Asia Pacific,Australia,Services,Consulting,Yuki Tanaka,Government,Closed Won,16,158.03,3133.98,2584.25,549.73,19.2,4.0
2025-05-14,Q2 2025,May,Europe,Germany,Hardware,Networking Kit,James Clarke,Education,Closed Lost,36,1061.93,25598.46,18374.7,7223.76,22.5,4.3
2025-05-14,Q2 2025,May,North America,Canada,Software,Cloud Suite,Elena Rodriguez,Enterprise,Closed Won,38,1157.47,32032.57,18943.08,13089.49,23.5,3.6
2025-05-15,Q2 2025,May,Asia Pacific,Australia,Software,Security Pro,Yuki Tanaka,Enterprise,Qualified,7,715.91,6465.14,3680.63,2784.51,15.9,4.9
2025-05-15,Q2 2025,May,Asia Pacific,Japan,Subscriptions,Professional Plan,Yuki Tanaka,Enterprise,Proposal,246,175.81,57056.15,35246.95,21809.2,14.0,4.8
2025-05-15,Q2 2025,May,Europe,Germany,Software,Data Platform,Sophie Dupont,SMB,Negotiation,18,2856.5,54575.24,34329.15,20246.09,6.4,3.3
2025-05-15,Q2 2025,May,Asia Pacific,India,Services,Support,Liam Zhang,SMB,Closed Won,173,273.2,46579.98,33434.11,13145.87,7.2,3.0
2025-05-15,Q2 2025,May,Asia Pacific,Japan,Subscriptions,Basic Plan,Yuki Tanaka,SMB,Qualified,224,44.14,14135.84,8405.01,5730.83,6.8,3.7
2025-05-15,Q2 2025,May,North America,Canada,Subscriptions,Basic Plan,Mike Johnson,Education,Lead,224,31.45,7316.56,4583.84,2732.72,15.7,4.0
2025-05-16,Q2 2025,May,North America,USA,Subscriptions,Professional Plan,Elena Rodriguez,SMB,Lead,417,192.21,74778.21,45187.24,29590.97,2.0,3.3
2025-05-17,Q2 2025,May,Asia Pacific,India,Subscriptions,Basic Plan,Raj Patel,Government,Closed Lost,109,64.15,7302.11,4630.5,2671.61,11.5,3.0
2025-05-17,Q2 2025,May,North America,USA,Subscriptions,Basic Plan,Elena Rodriguez,Enterprise,Lead,285,46.31,9700.05,5913.11,3786.94,22.8,3.8
2025-05-17,Q2 2025,May,Latin America,Brazil,Services,Support,Ana Gutierrez,Government,Closed Lost,7,371.77,2965.87,2239.33,726.54,19.6,3.9
2025-05-18,Q2 2025,May,North America,Canada,Hardware,Laptop Pro,Mike Johnson,Enterprise,Lead,51,1900.37,103642.71,78381.59,25261.12,13.2,4.0
2025-05-18,Q2 2025,May,North America,USA,Services,Consulting,Mike Johnson,SMB,Proposal,113,294.99,38890.76,31089.03,7801.73,5.3,3.4
2025-05-18,Q2 2025,May,North America,Canada,Software,Security Pro,Mike Johnson,Government,Negotiation,48,1142.28,61132.63,36540.4,24592.23,9.5,4.4
2025-05-18,Q2 2025,May,Asia Pacific,Australia,Hardware,Server Rack,Liam Zhang,Enterprise,Closed Lost,12,4659.6,51543.53,40113.79,11429.74,13.2,3.0
2025-05-18,Q2 2025,May,North America,USA,Subscriptions,Professional Plan,Sarah Chen,SMB,Proposal,409,222.08,126400.03,79531.35,46868.68,0.6,4.1
2025-05-19,Q2 2025,May,Europe,Germany,Services,Support,James Clarke,Education,Closed Won,171,330.72,39040.65,30891.84,8148.81,20.1,3.6
2025-05-19,Q2 2025,May,Latin America,Colombia,Services,Training,Pedro Morales,Government,Lead,177,146.86,21371.15,17111.53,4259.62,18.8,4.0
2025-05-19,Q2 2025,May,North America,Canada,Services,Support,Elena Rodriguez,Enterprise,Lead,19,146.8,2039.28,1514.16,525.12,23.2,3.6
2025-05-19,Q2 2025,May,North America,Canada,Services,Training,Elena Rodriguez,SMB,Lead,73,244.96,15781.01,11783.54,3997.47,7.3,3.8
2025-05-19,Q2 2025,May,Latin America,Colombia,Software,Data Platform,Pedro Morales,SMB,Closed Won,27,2958.94,74095.26,47387.66,26707.6,8.4,3.3
2025-05-20,Q2 2025,May,North America,Canada,Services,Training,Elena Rodriguez,Enterprise,Negotiation,117,122.55,10360.43,7723.91,2636.52,24.1,3.3
2025-05-20,Q2 2025,May,North America,Canada,Services,Consulting,Sarah Chen,Enterprise,Closed Won,103,427.62,54571.58,47571.89,6999.69,11.5,4.0
2025-05-21,Q2 2025,May,Asia Pacific,India,Hardware,Desktop Plus,Raj Patel,Enterprise,Closed Won,71,1954.2,145222.19,113797.79,31424.4,11.3,3.5
2025-05-21,Q2 2025,May,North America,Canada,Software,Security Pro,Elena Rodriguez,Enterprise,Closed Lost,48,659.59,23358.98,13205.5,10153.48,22.5,3.3
2025-05-21,Q2 2025,May,Latin America,Colombia,Hardware,Server Rack,Ana Gutierrez,SMB,Qualified,44,4975.74,303819.83,236684.01,67135.82,2.1,3.7
2025-05-22,Q2 2025,May,North America,Canada,Hardware,Laptop Pro,Sarah Chen,SMB,Closed Won,72,1803.94,165471.81,129511.74,35960.07,9.0,4.3
2025-05-24,Q2 2025,May,North America,USA,Hardware,Desktop Plus,Mike Johnson,SMB,Lead,47,1936.3,107971.09,79222.24,28748.85,3.7,3.9
2025-05-24,Q2 2025,May,North America,USA,Services,Implementation,Mike Johnson,Enterprise,Closed Lost,135,559.06,75316.12,60634.31,14681.81,19.0,4.4
2025-05-24,Q2 2025,May,Europe,France,Subscriptions,Basic Plan,Sophie Dupont,SMB,Lead,384,71.24,29781.01,17553.18,12227.83,4.0,4.1
2025-05-24,Q2 2025,May,Europe,Germany,Services,Consulting,Hans Mueller,Enterprise,Lead,182,267.77,51727.59,41024.16,10703.43,18.1,3.9
2025-05-24,Q2 2025,May,Europe,Germany,Subscriptions,Professional Plan,Sophie Dupont,Enterprise,Closed Lost,331,211.25,66368.69,38502.81,27865.88,16.3,3.9
2025-05-25,Q2 2025,May,Asia Pacific,India,Hardware,Laptop Pro,Raj Patel,SMB,Lead,91,2496.32,251703.5,194968.67,56734.83,6.1,4.1
2025-05-25,Q2 2025,May,Asia Pacific,Australia,Hardware,Networking Kit,Liam Zhang,Government,Qualified,48,1292.02,54402.02,41161.69,13240.33,17.4,3.9
2025-05-26,Q2 2025,May,Europe,France,Software,Security Pro,Sophie Dupont,SMB,Closed Won,10,863.25,9055.06,5449.11,3605.95,7.5,3.2
2025-05-26,Q2 2025,May,North America,Canada,Software,Cloud Suite,Sarah Chen,Government,Closed Lost,50,2333.92,154715.56,97344.67,57370.89,5.3,4.9
2025-05-26,Q2 2025,May,Latin America,Mexico,Subscriptions,Basic Plan,Pedro Morales,SMB,Lead,42,39.45,1511.53,862.93,648.6,9.9,3.8
2025-05-26,Q2 2025,May,Asia Pacific,Japan,Software,Cloud Suite,Liam Zhang,Government,Lead,23,1926.13,38343.84,21512.53,16831.31,18.5,3.5
2025-05-27,Q2 2025,May,Europe,UK,Services,Consulting,Sophie Dupont,SMB,Proposal,153,306.84,48978.37,40243.14,8735.23,8.0,3.8
2025-05-27,Q2 2025,May,Europe,Germany,Hardware,Laptop Pro,James Clarke,Education,Proposal,19,2578.96,35943.44,27908.78,8034.66,15.1,3.3
2025-05-28,Q2 2025,May,Asia Pacific,Japan,Software,Security Pro,Raj Patel,Education,Qualified,49,1496.38,70773.93,43378.74,27395.19,18.2,3.5
2025-05-28,Q2 2025,May,Europe,France,Hardware,Networking Kit,James Clarke,SMB,Closed Won,100,435.18,35982.77,26225.2,9757.57,4.3,3.4
2025-05-28,Q2 2025,May,Asia Pacific,Japan,Subscriptions,Enterprise Plan,Raj Patel,Enterprise,Closed Won,365,558.72,181202.45,109633.1,71569.35,24.7,4.0
2025-05-28,Q2 2025,May,Europe,France,Hardware,Laptop Pro,James Clarke,Education,Closed Lost,61,1563.58,62299.63,49510.4,12789.23,24.4,3.3
2025-05-28,Q2 2025,May,Asia Pacific,Japan,Software,Security Pro,Raj Patel,Education,Lead,12,1772.41,21081.75,12168.37,8913.38,16.0,3.8
2025-05-29,Q2 2025,May,North America,Canada,Services,Implementation,Mike Johnson,Enterprise,Proposal,25,665.53,16788.13,12680.54,4107.59,18.1,4.0
2025-05-29,Q2 2025,May,Europe,France,Subscriptions,Professional Plan,Hans Mueller,Enterprise,Lead,62,161.28,10678.36,6105.43,4572.93,17.6,4.6
2025-05-29,Q2 2025,May,Europe,UK,Subscriptions,Professional Plan,James Clarke,Government,Lead,188,107.57,16109.93,9883.99,6225.94,7.8,3.2
2025-05-29,Q2 2025,May,North America,USA,Hardware,Server Rack,Mike Johnson,Education,Lead,67,4896.07,311997.01,229195.18,82801.83,22.8,3.2
2025-05-30,Q2 2025,May,Europe,UK,Subscriptions,Professional Plan,Sophie Dupont,SMB,Proposal,384,173.35,70428.72,39507.13,30921.59,6.7,3.6
2025-05-30,Q2 2025,May,North America,Canada,Subscriptions,Enterprise Plan,Sarah Chen,SMB,Proposal,462,262.13,162255.22,100274.5,61980.72,4.3,3.5
2025-05-30,Q2 2025,May,Europe,France,Subscriptions,Enterprise Plan,Sophie Dupont,Enterprise,Proposal,357,613.39,201638.75,128748.31,72890.44,18.8,3.5
2025-05-30,Q2 2025,May,North America,Canada,Hardware,Server Rack,Mike Johnson,Education,Closed Lost,28,4078.46,117195.23,90169.72,27025.51,16.7,3.8
2025-05-31,Q2 2025,May,Europe,Germany,Services,Support,Hans Mueller,SMB,Closed Lost,49,331.96,19794.86,14859.42,4935.44,6.1,4.1
2025-05-31,Q2 2025,May,North America,Canada,Services,Implementation,Mike Johnson,Government,Lead,101,443.61,45925.8,36888.27,9037.53,16.8,4.0
2025-05-31,Q2 2025,May,North America,Canada,Services,Implementation,Mike Johnson,Enterprise,Qualified,160,396.85,67901.1,51688.66,16212.44,13.2,3.9
2025-05-31,Q2 2025,May,Latin America,Brazil,Hardware,Desktop Plus,Carlos Silva,SMB,Lead,5,1782.64,13533.31,10582.85,2950.46,2.2,3.7
2025-05-31,Q2 2025,May,Europe,Germany,Services,Consulting,Sophie Dupont,SMB,Closed Won,29,268.61,8224.0,7076.91,1147.09,6.9,3.6
2025-06-01,Q2 2025,Jun,North America,USA,Software,Data Platform,Mike Johnson,SMB,Closed Won,26,3294.96,97206.17,59128.39,38077.78,7.9,3.5
2025-06-01,Q2 2025,Jun,North America,USA,Services,Support,Mike Johnson,Government,Lead,134,216.42,30011.81,23924.6,6087.21,16.0,3.7
2025-06-01,Q2 2025,Jun,Asia Pacific,India,Services,Training,Yuki Tanaka,Enterprise,Closed Won,159,183.08,37241.69,29194.87,8046.82,16.6,4.6
2025-06-02,Q2 2025,Jun,Europe,Germany,Software,Security Pro,James Clarke,Education,Qualified,26,1155.91,19838.3,11800.32,8037.98,23.6,3.7
2025-06-02,Q2 2025,Jun,Asia Pacific,Japan,Software,Data Platform,Liam Zhang,SMB,Closed Won,9,1851.79,17292.32,9741.49,7550.83,2.3,3.6
2025-06-02,Q2 2025,Jun,Europe,UK,Services,Training,James Clarke,Enterprise,Closed Lost,186,56.27,7098.61,5763.84,1334.77,21.5,3.3
2025-06-03,Q2 2025,Jun,North America,USA,Services,Support,Sarah Chen,Enterprise,Closed Won,7,119.83,967.65,771.91,195.74,17.6,4.5
2025-06-03,Q2 2025,Jun,North America,USA,Subscriptions,Basic Plan,Sarah Chen,Enterprise,Proposal,432,79.5,43177.28,26150.26,17027.02,10.2,4.2
2025-06-04,Q2 2025,Jun,Europe,Germany,Software,Cloud Suite,Hans Mueller,Enterprise,Proposal,33,1706.94,62052.05,35690.48,26361.57,15.0,4.4
2025-06-05,Q2 2025,Jun,North America,Canada,Subscriptions,Basic Plan,Elena Rodriguez,SMB,Proposal,53,67.59,3181.83,1856.16,1325.67,6.7,3.3
2025-06-05,Q2 2025,Jun,Europe,UK,Subscriptions,Enterprise Plan,Sophie Dupont,SMB,Lead,84,492.41,42730.46,25556.81,17173.65,8.9,3.8
2025-06-05,Q2 2025,Jun,Asia Pacific,India,Subscriptions,Professional Plan,Raj Patel,Enterprise,Negotiation,61,217.85,13313.04,8486.93,4826.11,15.1,3.7
2025-06-06,Q2 2025,Jun,Asia Pacific,Australia,Services,Implementation,Liam Zhang,Education,Negotiation,118,626.7,59844.08,50421.18,9422.9,23.8,2.8
2025-06-06,Q2 2025,Jun,Latin America,Mexico,Software,Cloud Suite,Ana Gutierrez,Education,Closed Won,29,2016.34,69376.17,38223.93,31152.24,16.3,3.9
2025-06-07,Q2 2025,Jun,Asia Pacific,Japan,Services,Support,Yuki Tanaka,SMB,Closed Won,152,330.45,76511.01,58339.25,18171.76,0.7,4.7
2025-06-07,Q2 2025,Jun,North America,Canada,Services,Implementation,Elena Rodriguez,Enterprise,Closed Won,181,287.07,38929.43,30066.33,8863.1,21.3,4.2
2025-06-07,Q2 2025,Jun,Europe,Germany,Software,Data Platform,James Clarke,Enterprise,Closed Won,16,2295.05,27221.57,16060.92,11160.65,14.2,3.1
2025-06-07,Q2 2025,Jun,Latin America,Mexico,Hardware,Networking Kit,Carlos Silva,SMB,Negotiation,38,994.62,58149.51,46094.03,12055.48,0.9,4.2
2025-06-08,Q2 2025,Jun,North America,USA,Hardware,Laptop Pro,Sarah Chen,Enterprise,Negotiation,93,1502.31,154524.6,122842.82,31681.78,21.0,3.6
2025-06-08,Q2 2025,Jun,North America,USA,Hardware,Networking Kit,Elena Rodriguez,SMB,Lead,33,1162.31,35492.71,25472.21,10020.5,2.8,3.2
2025-06-08,Q2 2025,Jun,Asia Pacific,Japan,Services,Consulting,Raj Patel,SMB,Lead,164,420.97,80651.45,67262.55,13388.9,1.0,2.9
2025-06-08,Q2 2025,Jun,Asia Pacific,Japan,Software,Cloud Suite,Liam Zhang,Government,Proposal,30,2355.74,62294.72,36694.37,25600.35,17.0,4.1
2025-06-08,Q2 2025,Jun,Asia Pacific,Japan,Software,Security Pro,Yuki Tanaka,Government,Qualified,15,742.78,14869.49,9436.45,5433.04,13.0,4.6
2025-06-08,Q2 2025,Jun,North America,USA,Hardware,Laptop Pro,Elena Rodriguez,SMB,Proposal,89,1654.39,136108.13,105685.29,30422.84,2.9,3.2
2025-06-08,Q2 2025,Jun,North America,USA,Hardware,Networking Kit,Mike Johnson,Enterprise,Closed Lost,32,1068.88,37167.06,28284.26,8882.8,11.8,4.3
2025-06-09,Q2 2025,Jun,Asia Pacific,Australia,Hardware,Desktop Plus,Raj Patel,SMB,Lead,17,1855.1,36841.17,29319.31,7521.86,1.0,4.2
2025-06-09,Q2 2025,Jun,Europe,UK,Services,Support,Sophie Dupont,SMB,Lead,195,336.04,67546.45,51292.16,16254.29,9.1,3.2
2025-06-09,Q2 2025,Jun,North America,Canada,Software,Security Pro,Elena Rodriguez,Enterprise,Closed Won,26,546.19,11031.74,6863.53,4168.21,18.4,3.7
2025-06-09,Q2 2025,Jun,North America,Canada,Software,Cloud Suite,Elena Rodriguez,SMB,Proposal,38,1156.03,39353.13,22559.39,16793.74,5.9,3.4
2025-06-09,Q2 2025,Jun,North America,USA,Services,Support,Sarah Chen,SMB,Closed Won,52,134.53,9069.04,6936.26,2132.78,7.4,4.8
2025-06-10,Q2 2025,Jun,North America,Canada,Subscriptions,Basic Plan,Elena Rodriguez,Enterprise,Lead,111,57.98,5446.78,3504.13,1942.65,11.1,3.3
2025-06-10,Q2 2025,Jun,North America,Canada,Software,Cloud Suite,Sarah Chen,Enterprise,Lead,12,818.73,10412.28,5855.68,4556.6,24.3,4.2
2025-06-10,Q2 2025,Jun,North America,USA,Software,Security Pro,Sarah Chen,Government,Proposal,12,1360.66,19544.52,12586.42,6958.1,14.5,3.7
2025-06-11,Q2 2025,Jun,Europe,UK,Software,Security Pro,Sophie Dupont,SMB,Closed Won,50,1681.19,87792.92,52332.76,35460.16,7.9,4.1
2025-06-12,Q2 2025,Jun,Europe,UK,Services,Implementation,James Clarke,SMB,Qualified,21,574.44,9838.97,7592.65,2246.32,5.6,2.5
2025-06-13,Q2 2025,Jun,North America,USA,Software,Security Pro,Mike Johnson,SMB,Negotiation,9,535.64,5404.65,3348.45,2056.2,9.0,3.3
2025-06-13,Q2 2025,Jun,Europe,Germany,Services,Implementation,James Clarke,Enterprise,Lead,10,317.56,2142.84,1669.88,472.96,21.9,3.4
2025-06-13,Q2 2025,Jun,Europe,UK,Subscriptions,Basic Plan,James Clarke,SMB,Negotiation,223,76.43,13886.54,8636.88,5249.66,5.7,1.9
2025-06-14,Q2 2025,Jun,Europe,France,Software,Data Platform,Sophie Dupont,Government,Closed Won,23,1873.99,39444.07,23252.73,16191.34,19.3,3.4
2025-06-14,Q2 2025,Jun,Europe,UK,Software,Security Pro,Sophie Dupont,SMB,Lead,14,732.11,10925.6,6829.61,4095.99,6.0,3.6
2025-06-14,Q2 2025,Jun,Europe,France,Subscriptions,Basic Plan,Hans Mueller,Enterprise,Closed Won,77,57.64,5136.55,2906.56,2229.99,10.7,4.1
2025-06-15,Q2 2025,Jun,Europe,France,Software,Cloud Suite,James Clarke,Government,Proposal,2,1382.97,2227.27,1385.76,841.51,6.8,3.1
2025-06-15,Q2 2025,Jun,Asia Pacific,India,Hardware,Server Rack,Yuki Tanaka,Education,Closed Won,87,3962.84,411991.83,293617.3,118374.53,22.1,4.6
2025-06-15,Q2 2025,Jun,Europe,France,Software,Security Pro,James Clarke,Government,Qualified,23,1288.37,22914.23,14013.39,8900.84,10.5,2.6
2025-06-15,Q2 2025,Jun,North America,USA,Subscriptions,Professional Plan,Mike Johnson,Education,Proposal,302,106.75,33045.24,18703.17,14342.07,16.8,4.5
2025-06-15,Q2 2025,Jun,Europe,Germany,Hardware,Desktop Plus,James Clarke,Enterprise,Proposal,10,1841.88,13447.2,10176.5,3270.7,15.5,2.8
2025-06-16,Q2 2025,Jun,Europe,Germany,Software,Cloud Suite,James Clarke,SMB,Proposal,47,1264.01,48403.17,27323.58,21079.59,5.7,3.6
2025-06-16,Q2 2025,Jun,Asia Pacific,Australia,Hardware,Server Rack,Raj Patel,SMB,Lead,43,3521.41,175996.2,127533.05,48463.15,1.5,3.7
2025-06-17,Q2 2025,Jun,North America,USA,Subscriptions,Enterprise Plan,Sarah Chen,SMB,Closed Lost,417,311.66,171940.02,104667.07,67272.95,5.5,3.2
2025-06-17,Q2 2025,Jun,North America,USA,Software,Security Pro,Elena Rodriguez,Enterprise,Negotiation,30,1060.09,24553.97,15211.28,9342.69,18.9,3.1
2025-06-17,Q2 2025,Jun,North America,USA,Services,Training,Sarah Chen,SMB,Closed Won,199,116.42,29742.54,23542.84,6199.7,8.3,4.0
2025-06-18,Q2 2025,Jun,North America,USA,Software,Cloud Suite,Mike Johnson,SMB,Closed Won,1,2046.89,2514.2,1526.12,988.08,0.3,3.6
2025-06-18,Q2 2025,Jun,Latin America,Brazil,Hardware,Networking Kit,Pedro Morales,SMB,Lead,95,1271.67,115346.59,90402.11,24944.48,5.7,3.3
2025-06-18,Q2 2025,Jun,Europe,France,Software,Security Pro,James Clarke,SMB,Lead,47,567.44,21498.75,12161.24,9337.51,6.7,3.0
2025-06-19,Q2 2025,Jun,North America,Canada,Services,Implementation,Elena Rodriguez,SMB,Closed Won,67,481.42,27666.91,21790.9,5876.01,9.9,3.5
2025-06-19,Q2 2025,Jun,North America,USA,Services,Implementation,Mike Johnson,Enterprise,Negotiation,24,365.85,8675.6,6901.48,1774.12,19.8,4.1
2025-06-19,Q2 2025,Jun,North America,Canada,Software,Data Platform,Mike Johnson,Enterprise,Closed Won,10,1454.6,15841.87,9885.24,5956.63,11.6,4.1
2025-06-19,Q2 2025,Jun,North America,USA,Services,Support,Sarah Chen,Education,Lead,145,355.16,56668.62,40358.95,16309.67,21.4,5.0
2025-06-19,Q2 2025,Jun,North America,Canada,Services,Consulting,Mike Johnson,SMB,Qualified,102,486.57,59615.72,48110.85,11504.87,2.5,3.5
2025-06-19,Q2 2025,Jun,North America,Canada,Hardware,Laptop Pro,Elena Rodriguez,Education,Proposal,26,1859.13,36859.77,26072.49,10787.28,19.9,3.7
2025-06-20,Q2 2025,Jun,Asia Pacific,Australia,Services,Support,Raj Patel,Enterprise,Closed Won,11,308.44,3086.74,2201.49,885.25,22.9,4.3
2025-06-20,Q2 2025,Jun,Europe,France,Hardware,Server Rack,James Clarke,Education,Lead,33,3212.76,68976.47,54244.05,14732.42,24.7,3.8
2025-06-20,Q2 2025,Jun,Asia Pacific,Japan,Software,Cloud Suite,Liam Zhang,Enterprise,Closed Won,18,1907.08,29529.15,16563.04,12966.11,19.0,3.9
2025-06-21,Q2 2025,Jun,North America,USA,Services,Support,Elena Rodriguez,Education,Negotiation,68,309.31,15958.72,11837.67,4121.05,20.3,3.9
2025-06-21,Q2 2025,Jun,North America,Canada,Subscriptions,Basic Plan,Mike Johnson,Enterprise,Lead,271,35.91,9867.23,6051.5,3815.73,17.7,4.3
2025-06-22,Q2 2025,Jun,Europe,France,Software,Security Pro,Sophie Dupont,Enterprise,Closed Won,5,1489.33,6536.04,3631.96,2904.08,22.6,3.8
2025-06-22,Q2 2025,Jun,Asia Pacific,Australia,Services,Implementation,Raj Patel,Government,Lead,88,407.1,38553.22,31471.7,7081.52,8.8,2.7
2025-06-22,Q2 2025,Jun,North America,Canada,Hardware,Networking Kit,Mike Johnson,SMB,Proposal,71,770.03,61967.58,47432.68,14534.9,8.0,3.1
2025-06-22,Q2 2025,Jun,Europe,Germany,Services,Consulting,James Clarke,Enterprise,Proposal,145,278.71,30831.52,25114.07,5717.45,11.7,2.4
2025-06-23,Q2 2025,Jun,Asia Pacific,India,Software,Security Pro,Liam Zhang,SMB,Closed Won,43,1216.53,52498.59,30588.36,21910.23,5.5,3.4
2025-06-23,Q2 2025,Jun,Europe,UK,Services,Implementation,James Clarke,SMB,Proposal,11,476.89,4355.6,3384.64,970.96,3.9,3.8
2025-06-24,Q2 2025,Jun,North America,USA,Hardware,Laptop Pro,Elena Rodriguez,Enterprise,Lead,48,2456.04,98314.53,70342.04,27972.49,12.4,3.1
2025-06-24,Q2 2025,Jun,Asia Pacific,Japan,Software,Cloud Suite,Yuki Tanaka,Education,Negotiation,48,1818.63,101503.3,64645.24,36858.06,24.2,4.5
2025-06-24,Q2 2025,Jun,Latin America,Mexico,Services,Consulting,Carlos Silva,SMB,Proposal,101,415.26,61141.86,48162.23,12979.63,6.1,4.1
2025-06-24,Q2 2025,Jun,Asia Pacific,Japan,Services,Implementation,Raj Patel,SMB,Closed Won,71,610.9,47444.97,39590.72,7854.25,7.3,3.1
2025-06-24,Q2 2025,Jun,Europe,France,Hardware,Desktop Plus,Hans Mueller,Education,Lead,9,1393.12,13633.21,10425.25,3207.96,16.1,4.4
2025-06-24,Q2 2025,Jun,Europe,UK,Subscriptions,Basic Plan,James Clarke,SMB,Lead,18,42.72,625.85,349.64,276.21,5.8,2.9
2025-06-24,Q2 2025,Jun,North America,USA,Software,Cloud Suite,Mike Johnson,SMB,Closed Won,21,1678.51,40560.27,23215.48,17344.79,6.6,3.7
2025-06-25,Q2 2025,Jun,Europe,France,Software,Security Pro,James Clarke,SMB,Closed Won,44,1746.02,64650.9,39503.05,25147.85,2.6,3.3
2025-06-25,Q2 2025,Jun,North America,Canada,Hardware,Laptop Pro,Sarah Chen,SMB,Lead,70,2573.3,251426.85,187212.97,64213.88,0.3,3.7
2025-06-25,Q2 2025,Jun,Europe,France,Subscriptions,Basic Plan,James Clarke,SMB,Lead,462,43.83,16113.39,9865.76,6247.63,7.9,3.1
2025-06-25,Q2 2025,Jun,North America,USA,Software,Data Platform,Mike Johnson,Education,Closed Lost,39,1592.57,64582.71,40871.38,23711.33,15.6,3.9
2025-06-25,Q2 2025,Jun,Europe,France,Services,Training,Hans Mueller,Enterprise,Qualified,66,240.18,17852.77,13820.82,4031.95,13.1,3.6
2025-06-26,Q2 2025,Jun,Latin America,Mexico,Services,Implementation,Pedro Morales,SMB,Lead,60,636.53,37199.77,31537.03,5662.74,3.8,3.4
2025-06-26,Q2 2025,Jun,Asia Pacific,Australia,Software,Security Pro,Liam Zhang,Government,Closed Lost,16,1522.25,21908.56,13974.87,7933.69,15.3,3.7
2025-06-27,Q2 2025,Jun,Europe,France,Software,Data Platform,Hans Mueller,Education,Closed Lost,45,1818.64,79653.38,50312.18,29341.2,24.9,4.4
2025-06-28,Q2 2025,Jun,Europe,France,Services,Support,James Clarke,Government,Lead,196,288.85,40257.06,30405.55,9851.51,17.7,3.6
2025-06-28,Q2 2025,Jun,Asia Pacific,Japan,Software,Security Pro,Liam Zhang,Education,Negotiation,36,558.51,16313.66,9048.21,7265.45,23.6,4.1
2025-06-28,Q2 2025,Jun,Europe,France,Hardware,Desktop Plus,Hans Mueller,Government,Proposal,75,1871.64,168824.92,133018.32,35806.6,7.2,4.5
2025-06-28,Q2 2025,Jun,Europe,France,Subscriptions,Professional Plan,James Clarke,SMB,Qualified,184,122.65,17646.06,10191.41,7454.65,9.5,3.1
2025-06-29,Q2 2025,Jun,North America,USA,Services,Training,Sarah Chen,Education,Lead,65,217.5,16586.12,12041.23,4544.89,16.2,5.0
2025-06-30,Q2 2025,Jun,North America,USA,Software,Cloud Suite,Mike Johnson,Enterprise,Qualified,14,1994.38,27381.66,15931.11,11450.55,20.4,4.1
2025-06-30,Q2 2025,Jun,Europe,UK,Subscriptions,Enterprise Plan,Hans Mueller,Education,Proposal,242,512.69,126546.44,72332.7,54213.74,21.3,4.6
2025-06-30,Q2 2025,Jun,North America,Canada,Software,Cloud Suite,Sarah Chen,SMB,Closed Lost,40,1713.31,93930.51,58222.61,35707.9,2.1,3.3
2025-06-30,Q2 2025,Jun,North America,USA,Subscriptions,Enterprise Plan,Sarah Chen,Enterprise,Lead,319,681.99,248230.04,150561.83,97668.21,18.5,4.3
2025-06-30,Q2 2025,Jun,Latin America,Colombia,Software,Security Pro,Pedro Morales,SMB,Lead,1,1151.13,1102.58,697.65,404.93,5.4,3.3
2025-06-30,Q2 2025,Jun,Asia Pacific,Australia,Hardware,Desktop Plus,Liam Zhang,Government,Closed Won,89,1597.5,124266.83,99327.71,24939.12,17.7,3.6
2025-07-01,Q3 2025,Jul,Europe,France,Subscriptions,Professional Plan,Hans Mueller,SMB,Proposal,15,236.14,4232.5,2374.68,1857.82,7.8,3.0
2025-07-02,Q3 2025,Jul,Asia Pacific,Japan,Hardware,Networking Kit,Raj Patel,Enterprise,Closed Lost,98,830.75,74356.58,56099.9,18256.68,22.6,4.0
2025-07-02,Q3 2025,Jul,North America,USA,Software,Data Platform,Mike Johnson,SMB,Lead,39,2947.69,132282.99,85312.46,46970.53,6.6,3.8
2025-07-02,Q3 2025,Jul,Asia Pacific,India,Hardware,Server Rack,Raj Patel,SMB,Closed Won,63,3032.96,203825.1,154613.64,49211.46,9.6,3.6
2025-07-02,Q3 2025,Jul,North America,USA,Subscriptions,Basic Plan,Elena Rodriguez,SMB,Qualified,106,74.04,6985.88,4263.12,2722.76,6.5,3.1
2025-07-03,Q3 2025,Jul,North America,Canada,Services,Support,Sarah Chen,SMB,Proposal,173,235.88,54387.89,42255.15,12132.74,4.8,4.1
2025-07-03,Q3 2025,Jul,Asia Pacific,Australia,Subscriptions,Basic Plan,Yuki Tanaka,Education,Lead,425,63.05,32843.25,19809.4,13033.85,20.1,5.0
2025-07-03,Q3 2025,Jul,North America,Canada,Services,Implementation,Sarah Chen,Education,Lead,161,557.58,104815.9,88656.19,16159.71,16.6,4.4
2025-07-04,Q3 2025,Jul,North America,Canada,Software,Security Pro,Elena Rodriguez,SMB,Lead,37,1127.64,37177.91,20577.39,16600.52,6.4,3.0
2025-07-04,Q3 2025,Jul,North America,Canada,Subscriptions,Basic Plan,Mike Johnson,SMB,Closed Lost,94,57.05,6322.75,3835.34,2487.41,4.3,3.8
2025-07-04,Q3 2025,Jul,Asia Pacific,Australia,Subscriptions,Basic Plan,Raj Patel,SMB,Closed Won,219,77.46,19176.49,12413.06,6763.43,4.2,3.6
2025-07-05,Q3 2025,Jul,Europe,UK,Subscriptions,Professional Plan,Sophie Dupont,Education,Lead,62,200.36,11015.96,6788.98,4226.98,21.8,3.9
2025-07-05,Q3 2025,Jul,Asia Pacific,Australia,Subscriptions,Professional Plan,Raj Patel,SMB,Proposal,328,228.39,85744.18,50613.5,35130.68,3.0,3.3
2025-07-06,Q3 2025,Jul,Asia Pacific,India,Hardware,Desktop Plus,Raj Patel,Enterprise,Proposal,72,1431.91,104988.33,77144.18,27844.15,13.7,4.0
2025-07-06,Q3 2025,Jul,North America,USA,Software,Cloud Suite,Elena Rodriguez,SMB,Closed Won,37,1431.13,48393.72,30294.54,18099.18,4.0,3.1
2025-07-06,Q3 2025,Jul,Europe,UK,Software,Cloud Suite,James Clarke,Enterprise,Lead,40,2230.7,60826.37,37182.39,23643.98,21.1,3.2
2025-07-06,Q3 2025,Jul,North America,Canada,Software,Cloud Suite,Elena Rodriguez,Enterprise,Closed Lost,28,1800.28,43141.45,27540.08,15601.37,10.1,2.7
2025-07-06,Q3 2025,Jul,Asia Pacific,India,Services,Consulting,Liam Zhang,Enterprise,Proposal,27,232.84,5107.49,4326.41,781.08,23.5,3.5
2025-07-07,Q3 2025,Jul,North America,Canada,Software,Data Platform,Mike Johnson,SMB,Closed Won,12,3421.97,48212.66,30663.91,17548.75,4.7,3.9
2025-07-07,Q3 2025,Jul,North America,USA,Hardware,Laptop Pro,Mike Johnson,Government,Closed Won,97,1807.77,178013.45,126205.04,51808.41,17.6,3.6
2025-07-08,Q3 2025,Jul,Latin America,Mexico,Hardware,Desktop Plus,Ana Gutierrez,Government,Closed Won,14,1633.83,27170.77,19738.79,7431.98,16.2,3.6
2025-07-08,Q3 2025,Jul,Europe,Germany,Software,Data Platform,James Clarke,SMB,Lead,32,2889.89,76224.29,46126.68,30097.61,4.6,2.9
2025-07-08,Q3 2025,Jul,Asia Pacific,Japan,Hardware,Laptop Pro,Liam Zhang,SMB,Negotiation,51,1537.82,78377.21,60748.85,17628.36,5.9,3.3
2025-07-09,Q3 2025,Jul,Asia Pacific,Japan,Subscriptions,Professional Plan,Raj Patel,Education,Closed Won,115,125.1,12799.96,7382.68,5417.28,24.6,4.2
2025-07-09,Q3 2025,Jul,Asia Pacific,India,Hardware,Desktop Plus,Raj Patel,Education,Lead,45,827.37,36420.74,28508.78,7911.96,17.1,3.7
2025-07-09,Q3 2025,Jul,Latin America,Mexico,Hardware,Laptop Pro,Ana Gutierrez,Enterprise,Qualified,16,1294.14,24684.27,17620.6,7063.67,15.9,3.6
2025-07-09,Q3 2025,Jul,Europe,UK,Software,Data Platform,James Clarke,SMB,Lead,23,2867.13,56234.92,36039.33,20195.59,1.3,3.8
2025-07-10,Q3 2025,Jul,Europe,UK,Software,Data Platform,Hans Mueller,Enterprise,Lead,1,1425.29,1459.27,820.13,639.14,21.0,4.1
2025-07-10,Q3 2025,Jul,Europe,France,Services,Consulting,Sophie Dupont,Education,Negotiation,105,291.62,27604.94,23978.05,3626.89,20.5,4.2
2025-07-10,Q3 2025,Jul,Europe,UK,Services,Implementation,Sophie Dupont,Education,Lead,95,442.42,38272.51,29160.66,9111.85,19.7,4.0
2025-07-12,Q3 2025,Jul,Asia Pacific,India,Hardware,Server Rack,Liam Zhang,Enterprise,Closed Lost,76,3519.6,245439.9,178313.98,67125.92,13.6,4.0
2025-07-12,Q3 2025,Jul,North America,Canada,Subscriptions,Basic Plan,Sarah Chen,Government,Lead,190,49.81,12375.0,6962.09,5412.91,6.6,4.0
2025-07-12,Q3 2025,Jul,North America,Canada,Services,Training,Elena Rodriguez,Education,Negotiation,18,147.91,1999.79,1525.19,474.6,21.1,4.0
2025-07-12,Q3 2025,Jul,Latin America,Colombia,Hardware,Networking Kit,Pedro Morales,SMB,Proposal,22,698.14,14198.13,11046.08,3152.05,8.7,3.3
2025-07-12,Q3 2025,Jul,North America,Canada,Services,Support,Sarah Chen,Education,Negotiation,71,108.27,8362.1,5962.79,2399.31,22.3,4.4
2025-07-12,Q3 2025,Jul,Asia Pacific,Japan,Software,Security Pro,Yuki Tanaka,Government,Negotiation,36,560.91,28621.54,15880.65,12740.89,7.6,3.9
2025-07-12,Q3 2025,Jul,Europe,Germany,Hardware,Networking Kit,Sophie Dupont,SMB,Lead,45,1190.76,60156.84,47337.35,12819.49,1.0,4.4
2025-07-12,Q3 2025,Jul,Europe,UK,Software,Data Platform,Sophie Dupont,Government,Lead,21,2015.68,40225.18,24947.81,15277.37,16.2,4.0
2025-07-12,Q3 2025,Jul,Asia Pacific,Japan,Subscriptions,Professional Plan,Yuki Tanaka,Enterprise,Lead,323,108.04,40363.03,24716.66,15646.37,24.6,4.8
2025-07-12,Q3 2025,Jul,Asia Pacific,India,Hardware,Networking Kit,Liam Zhang,Enterprise,Negotiation,71,532.53,35777.06,25603.54,10173.52,10.9,3.3
2025-07-13,Q3 2025,Jul,Asia Pacific,India,Subscriptions,Professional Plan,Yuki Tanaka,Enterprise,Qualified,496,95.74,59514.46,36383.33,23131.13,18.3,4.1
2025-07-13,Q3 2025,Jul,North America,USA,Subscriptions,Professional Plan,Sarah Chen,Government,Lead,430,244.18,117744.08,75636.49,42107.59,19.9,3.8
2025-07-13,Q3 2025,Jul,North America,USA,Software,Security Pro,Sarah Chen,Enterprise,Lead,44,946.21,45230.35,25167.93,20062.42,22.4,4.8
2025-07-13,Q3 2025,Jul,Europe,UK,Services,Support,Sophie Dupont,Government,Closed Lost,34,254.37,9297.5,7248.36,2049.14,5.2,3.8
2025-07-14,Q3 2025,Jul,Europe,Germany,Software,Security Pro,Hans Mueller,Enterprise,Closed Lost,23,1483.64,37679.14,22747.45,14931.69,14.8,4.8
2025-07-14,Q3 2025,Jul,Latin America,Colombia,Subscriptions,Enterprise Plan,Pedro Morales,Enterprise,Closed Won,266,704.52,156729.25,100882.54,55846.71,17.4,3.3
2025-07-14,Q3 2025,Jul,Latin America,Mexico,Software,Cloud Suite,Ana Gutierrez,Enterprise,Closed Lost,26,1948.17,57942.44,36113.72,21828.72,19.3,4.2
2025-07-14,Q3 2025,Jul,Latin America,Colombia,Subscriptions,Basic Plan,Ana Gutierrez,SMB,Qualified,170,69.96,16774.32,9828.8,6945.52,0.5,3.0
2025-07-14,Q3 2025,Jul,Europe,UK,Subscriptions,Enterprise Plan,Hans Mueller,SMB,Closed Won,490,411.21,258784.59,148880.27,109904.32,0.9,3.8
2025-07-14,Q3 2025,Jul,North America,Canada,Subscriptions,Enterprise Plan,Elena Rodriguez,SMB,Proposal,254,393.51,94487.79,60898.57,33589.22,0.7,2.6
2025-07-15,Q3 2025,Jul,Europe,France,Software,Security Pro,James Clarke,SMB,Qualified,32,1262.44,31588.07,19805.65,11782.42,9.5,3.1
2025-07-15,Q3 2025,Jul,Asia Pacific,Japan,Software,Security Pro,Yuki Tanaka,SMB,Lead,39,959.82,54608.5,31506.03,23102.47,4.9,4.4
2025-07-15,Q3 2025,Jul,Europe,Germany,Services,Consulting,James Clarke,Enterprise,Negotiation,179,349.72,43593.55,36459.1,7134.45,19.4,3.9
2025-07-16,Q3 2025,Jul,North America,USA,Software,Data Platform,Elena Rodriguez,Enterprise,Closed Won,46,1924.03,73219.44,47473.41,25746.03,13.1,3.4
2025-07-16,Q3 2025,Jul,Latin America,Colombia,Hardware,Networking Kit,Ana Gutierrez,SMB,Lead,66,612.53,56732.19,44626.36,12105.83,1.0,3.2
2025-07-16,Q3 2025,Jul,North America,Canada,Subscriptions,Basic Plan,Sarah Chen,Enterprise,Closed Lost,94,65.32,7538.79,4451.36,3087.43,12.3,4.4
2025-07-16,Q3 2025,Jul,Europe,France,Software,Cloud Suite,Hans Mueller,Enterprise,Closed Won,9,1292.61,13297.92,7784.83,5513.09,11.8,4.7
2025-07-17,Q3 2025,Jul,North America,USA,Subscriptions,Professional Plan,Mike Johnson,SMB,Negotiation,491,105.89,59954.67,34489.9,25464.77,6.4,3.3
2025-07-17,Q3 2025,Jul,Europe,France,Software,Data Platform,Hans Mueller,Enterprise,Lead,24,2531.53,60315.38,37611.04,22704.34,23.4,4.6
2025-07-17,Q3 2025,Jul,Europe,Germany,Software,Data Platform,Sophie Dupont,SMB,Closed Won,31,2835.04,96772.77,59531.76,37241.01,2.9,3.6
2025-07-18,Q3 2025,Jul,Europe,France,Hardware,Networking Kit,James Clarke,Government,Closed Won,98,1379.39,100561.11,80117.76,20443.35,13.9,3.7
2025-07-18,Q3 2025,Jul,North America,Canada,Software,Data Platform,Sarah Chen,SMB,Closed Lost,12,2093.24,32810.28,19930.84,12879.44,6.7,4.1
2025-07-18,Q3 2025,Jul,North America,USA,Services,Support,Sarah Chen,SMB,Negotiation,191,108.71,28923.71,20468.35,8455.36,0.5,4.8
2025-07-19,Q3 2025,Jul,North America,Canada,Services,Training,Elena Rodriguez,SMB,Proposal,149,67.18,9300.64,6706.87,2593.77,2.4,2.3
2025-07-19,Q3 2025,Jul,Asia Pacific,Japan,Software,Security Pro,Raj Patel,Education,Negotiation,47,1252.9,57881.7,37478.18,20403.52,16.7,3.9
2025-07-19,Q3 2025,Jul,Asia Pacific,India,Hardware,Laptop Pro,Liam Zhang,SMB,Lead,7,1694.95,12562.46,9098.58,3463.88,0.3,4.0
2025-07-20,Q3 2025,Jul,Europe,Germany,Subscriptions,Basic Plan,James Clarke,SMB,Closed Lost,282,43.59,9760.35,5482.73,4277.62,8.1,3.0
2025-07-20,Q3 2025,Jul,Europe,UK,Software,Security Pro,James Clarke,Enterprise,Proposal,4,1631.8,4878.17,3042.34,1835.83,13.5,3.5
2025-07-21,Q3 2025,Jul,Europe,Germany,Services,Training,Hans Mueller,SMB,Closed Won,178,94.54,21045.92,17135.87,3910.05,3.5,4.0
2025-07-21,Q3 2025,Jul,Asia Pacific,Japan,Subscriptions,Enterprise Plan,Raj Patel,Government,Closed Won,62,520.08,34738.79,20107.16,14631.63,8.7,3.1
2025-07-21,Q3 2025,Jul,North America,USA,Software,Data Platform,Sarah Chen,Enterprise,Closed Lost,1,1332.02,1588.83,924.92,663.91,14.8,4.3
2025-07-21,Q3 2025,Jul,Europe,France,Services,Implementation,James Clarke,SMB,Closed Lost,88,624.07,45741.12,36005.13,9735.99,3.6,3.3
2025-07-22,Q3 2025,Jul,North America,Canada,Services,Training,Mike Johnson,Government,Lead,40,174.04,7384.53,5930.58,1453.95,13.9,4.0
2025-07-22,Q3 2025,Jul,North America,USA,Hardware,Desktop Plus,Elena Rodriguez,SMB,Closed Won,87,1739.62,132123.46,98779.26,33344.2,8.3,3.2
2025-07-22,Q3 2025,Jul,Europe,UK,Software,Data Platform,James Clarke,Enterprise,Qualified,15,1605.02,16661.65,10628.47,6033.18,19.9,3.7
2025-07-23,Q3 2025,Jul,Latin America,Mexico,Subscriptions,Enterprise Plan,Ana Gutierrez,SMB,Proposal,359,554.04,272637.2,150209.23,122427.97,3.3,3.0
2025-07-23,Q3 2025,Jul,North America,Canada,Hardware,Networking Kit,Elena Rodriguez,Enterprise,Lead,1,1254.58,941.16,673.89,267.27,21.2,3.8
2025-07-23,Q3 2025,Jul,Europe,Germany,Subscriptions,Basic Plan,Sophie Dupont,Government,Lead,150,64.45,9175.98,5874.74,3301.24,16.3,3.7
2025-07-23,Q3 2025,Jul,Latin America,Mexico,Subscriptions,Enterprise Plan,Carlos Silva,Enterprise,Lead,395,306.29,159466.41,96163.77,63302.64,15.1,4.4
2025-07-23,Q3 2025,Jul,Europe,UK,Software,Data Platform,James Clarke,Enterprise,Negotiation,3,3299.83,7484.01,4294.78,3189.23,12.5,2.7
2025-07-25,Q3 2025,Jul,Europe,UK,Subscriptions,Professional Plan,Sophie Dupont,Government,Closed Won,461,187.02,83592.66,51068.42,32524.24,14.5,4.2
2025-07-25,Q3 2025,Jul,North America,USA,Services,Implementation,Mike Johnson,Enterprise,Closed Won,55,461.05,26179.75,20289.27,5890.48,16.2,3.8
2025-07-25,Q3 2025,Jul,North America,USA,Hardware,Networking Kit,Mike Johnson,SMB,Qualified,39,719.21,34522.05,27116.68,7405.37,0.1,4.2
2025-07-25,Q3 2025,Jul,Asia Pacific,Australia,Subscriptions,Professional Plan,Raj Patel,Government,Closed Won,55,87.15,5028.22,3196.31,1831.91,11.1,3.3
2025-07-26,Q3 2025,Jul,Europe,UK,Hardware,Desktop Plus,James Clarke,SMB,Closed Won,72,1851.17,112508.96,83275.67,29233.29,2.3,2.8
2025-07-26,Q3 2025,Jul,Europe,France,Subscriptions,Enterprise Plan,James Clarke,SMB,Proposal,395,713.34,224946.58,136892.55,88054.03,7.6,3.9
2025-07-26,Q3 2025,Jul,North America,USA,Hardware,Desktop Plus,Elena Rodriguez,Enterprise,Closed Won,21,1752.35,26274.74,20847.97,5426.77,25.0,3.9
2025-07-27,Q3 2025,Jul,Europe,UK,Subscriptions,Professional Plan,James Clarke,SMB,Qualified,271,119.1,26603.77,15286.23,11317.54,4.6,2.4
2025-07-27,Q3 2025,Jul,North America,USA,Services,Support,Mike Johnson,Education,Qualified,6,378.61,2334.1,1762.36,571.74,16.6,4.3
2025-07-28,Q3 2025,Jul,Europe,Germany,Hardware,Server Rack,Sophie Dupont,Enterprise,Proposal,65,4235.91,266955.73,191717.55,75238.18,14.5,4.6
2025-07-28,Q3 2025,Jul,Latin America,Brazil,Services,Consulting,Pedro Morales,Enterprise,Negotiation,111,419.04,36922.37,29853.0,7069.37,21.6,3.2
2025-07-28,Q3 2025,Jul,North America,Canada,Software,Data Platform,Elena Rodriguez,Education,Proposal,46,2285.82,76977.38,44916.42,32060.96,23.1,3.3
2025-07-29,Q3 2025,Jul,Europe,Germany,Subscriptions,Basic Plan,Hans Mueller,Education,Lead,410,76.44,33021.75,18854.88,14166.87,18.7,4.0
2025-07-29,Q3 2025,Jul,Europe,Germany,Subscriptions,Basic Plan,Hans Mueller,SMB,Qualified,172,62.16,13371.24,7643.32,5727.92,3.5,4.1
2025-07-29,Q3 2025,Jul,Asia Pacific,Japan,Subscriptions,Enterprise Plan,Raj Patel,Government,Qualified,352,623.86,223885.29,145353.08,78532.21,13.6,3.1
2025-07-29,Q3 2025,Jul,North America,USA,Subscriptions,Enterprise Plan,Sarah Chen,SMB,Lead,360,332.86,163399.64,102537.09,60862.55,2.6,4.1
2025-07-29,Q3 2025,Jul,Europe,Germany,Software,Data Platform,James Clarke,SMB,Closed Won,13,1395.64,15095.82,9426.4,5669.42,3.7,2.8
2025-07-29,Q3 2025,Jul,North America,USA,Hardware,Server Rack,Sarah Chen,Enterprise,Lead,84,4773.05,493953.4,347500.47,146452.93,12.0,4.7
2025-07-30,Q3 2025,Jul,Latin America,Mexico,Hardware,Networking Kit,Pedro Morales,SMB,Proposal,93,1022.7,92736.89,66870.82,25866.07,3.7,2.6
2025-07-30,Q3 2025,Jul,North America,USA,Services,Support,Mike Johnson,Enterprise,Closed Won,103,362.47,37578.73,26876.6,10702.13,18.3,3.5
2025-07-30,Q3 2025,Jul,Latin America,Brazil,Software,Security Pro,Ana Gutierrez,Government,Lead,49,1184.4,76095.55,48078.9,28016.65,7.5,4.2
2025-07-30,Q3 2025,Jul,North America,USA,Subscriptions,Basic Plan,Elena Rodriguez,Enterprise,Closed Lost,450,73.82,25584.21,15418.96,10165.25,19.1,3.6
2025-07-31,Q3 2025,Jul,North America,USA,Services,Implementation,Mike Johnson,Education,Lead,153,573.03,85654.99,69969.83,15685.16,20.7,4.3
2025-07-31,Q3 2025,Jul,Latin America,Mexico,Services,Training,Ana Gutierrez,Education,Lead,141,149.46,23389.93,17715.64,5674.29,21.7,3.8
2025-07-31,Q3 2025,Jul,Asia Pacific,Japan,Subscriptions,Enterprise Plan,Raj Patel,SMB,Closed Lost,196,310.56,69671.53,40135.3,29536.23,3.0,4.3
2025-07-31,Q3 2025,Jul,North America,Canada,Subscriptions,Enterprise Plan,Sarah Chen,Enterprise,Closed Lost,116,367.38,52801.32,32008.2,20793.12,11.5,4.7
2025-08-01,Q3 2025,Aug,Asia Pacific,India,Subscriptions,Enterprise Plan,Yuki Tanaka,Enterprise,Closed Won,244,287.86,83502.26,50296.95,33205.31,22.5,4.6
2025-08-02,Q3 2025,Aug,Latin America,Brazil,Hardware,Laptop Pro,Ana Gutierrez,Education,Closed Won,80,2692.85,255899.38,198601.35,57298.03,16.2,4.4
2025-08-02,Q3 2025,Aug,Latin America,Colombia,Software,Cloud Suite,Pedro Morales,Government,Negotiation,9,1855.94,14493.8,8779.18,5714.62,14.3,3.1
2025-08-02,Q3 2025,Aug,Latin America,Mexico,Services,Training,Pedro Morales,Enterprise,Proposal,34,141.25,4264.44,3174.5,1089.94,12.3,3.8
2025-08-02,Q3 2025,Aug,Latin America,Mexico,Services,Support,Pedro Morales,SMB,Lead,5,188.56,925.95,692.9,233.05,3.0,2.9
2025-08-02,Q3 2025,Aug,North America,Canada,Hardware,Desktop Plus,Sarah Chen,Enterprise,Negotiation,55,884.19,57870.24,45163.54,12706.7,15.0,4.3
2025-08-03,Q3 2025,Aug,Europe,Germany,Subscriptions,Enterprise Plan,Sophie Dupont,Enterprise,Lead,247,486.51,104519.46,60036.63,44482.83,23.3,4.2
2025-08-04,Q3 2025,Aug,North America,USA,Software,Cloud Suite,Mike Johnson,Enterprise,Closed Lost,20,1190.41,22732.07,12864.35,9867.72,22.5,4.6
2025-08-05,Q3 2025,Aug,Latin America,Colombia,Subscriptions,Basic Plan,Ana Gutierrez,SMB,Closed Won,477,75.27,48959.66,30450.83,18508.83,3.8,3.5
2025-08-05,Q3 2025,Aug,North America,USA,Hardware,Server Rack,Mike Johnson,Education,Lead,30,3738.29,111500.93,79445.13,32055.8,19.3,4.1
2025-08-05,Q3 2025,Aug,Asia Pacific,India,Services,Consulting,Raj Patel,SMB,Lead,165,267.46,49626.96,40498.66,9128.3,4.7,2.7
2025-08-06,Q3 2025,Aug,North America,USA,Subscriptions,Professional Plan,Elena Rodriguez,Education,Closed Lost,267,98.23,20549.07,12036.82,8512.25,17.7,3.2
2025-08-06,Q3 2025,Aug,Europe,Germany,Subscriptions,Professional Plan,Hans Mueller,Government,Proposal,79,241.92,21499.26,13717.91,7781.35,13.2,3.5
2025-08-07,Q3 2025,Aug,North America,Canada,Services,Training,Elena Rodriguez,Government,Closed Won,75,235.27,13724.19,11046.68,2677.51,18.3,3.8
2025-08-07,Q3 2025,Aug,Europe,UK,Subscriptions,Professional Plan,Sophie Dupont,Enterprise,Closed Lost,137,227.73,27914.57,15735.85,12178.72,21.1,3.7
2025-08-07,Q3 2025,Aug,Europe,UK,Services,Support,Hans Mueller,Education,Closed Won,127,164.42,22353.39,16418.06,5935.33,17.4,4.2
2025-08-09,Q3 2025,Aug,North America,Canada,Hardware,Desktop Plus,Sarah Chen,Enterprise,Closed Lost,56,1259.98,78136.9,59016.75,19120.15,20.9,4.0
2025-08-09,Q3 2025,Aug,North America,Canada,Software,Cloud Suite,Mike Johnson,SMB,Negotiation,43,2137.72,102942.3,59158.11,43784.19,9.1,3.9
2025-08-10,Q3 2025,Aug,North America,USA,Software,Cloud Suite,Mike Johnson,SMB,Closed Lost,28,1866.66,61043.9,38445.69,22598.21,5.2,3.6
2025-08-10,Q3 2025,Aug,Europe,France,Services,Support,James Clarke,Enterprise,Proposal,132,308.69,31332.87,23012.89,8319.98,11.0,3.2
2025-08-10,Q3 2025,Aug,Europe,Germany,Software,Data Platform,Hans Mueller,Government,Lead,50,3130.79,171429.54,103902.77,67526.77,15.5,4.6
2025-08-11,Q3 2025,Aug,Asia Pacific,Japan,Services,Implementation,Liam Zhang,SMB,Closed Lost,5,354.4,1789.65,1373.34,416.31,4.9,3.4
2025-08-11,Q3 2025,Aug,North America,Canada,Subscriptions,Basic Plan,Sarah Chen,SMB,Negotiation,266,62.22,23008.53,12657.15,10351.38,0.7,3.4
2025-08-11,Q3 2025,Aug,Asia Pacific,India,Software,Data Platform,Liam Zhang,SMB,Proposal,30,1665.17,48808.13,27760.96,21047.17,8.0,2.3
2025-08-11,Q3 2025,Aug,North America,USA,Software,Security Pro,Sarah Chen,Enterprise,Closed Won,5,1261.0,7776.59,4824.92,2951.67,11.9,4.5
2025-08-12,Q3 2025,Aug,North America,Canada,Software,Cloud Suite,Elena Rodriguez,Education,Proposal,50,2423.65,93907.71,59631.34,34276.37,18.6,3.6
2025-08-12,Q3 2025,Aug,Europe,Germany,Subscriptions,Professional Plan,Sophie Dupont,SMB,Proposal,143,99.1,16054.18,10249.33,5804.85,0.1,3.4
2025-08-13,Q3 2025,Aug,North America,USA,Services,Support,Elena Rodriguez,Enterprise,Lead,19,359.12,5242.08,4081.8,1160.28,19.3,3.8
2025-08-14,Q3 2025,Aug,Europe,Germany,Services,Implementation,Hans Mueller,Enterprise,Negotiation,124,204.92,27794.16,23142.5,4651.66,15.6,4.0
2025-08-14,Q3 2025,Aug,North America,USA,Services,Implementation,Mike Johnson,Education,Lead,99,711.18,66270.28,53368.77,12901.51,23.6,3.5
2025-08-14,Q3 2025,Aug,Asia Pacific,India,Software,Cloud Suite,Raj Patel,Enterprise,Negotiation,17,2496.85,42273.27,23939.12,18334.15,15.6,3.7
2025-08-14,Q3 2025,Aug,Asia Pacific,Japan,Services,Consulting,Yuki Tanaka,Education,Closed Won,145,194.84,34887.3,28505.71,6381.59,19.5,4.8
2025-08-15,Q3 2025,Aug,Europe,UK,Services,Implementation,Sophie Dupont,Government,Closed Won,83,664.21,55452.38,43039.02,12413.36,11.3,3.5
2025-08-15,Q3 2025,Aug,North America,Canada,Hardware,Desktop Plus,Sarah Chen,SMB,Closed Lost,25,1734.13,55474.82,43140.91,12333.91,8.6,3.5
2025-08-15,Q3 2025,Aug,Europe,France,Hardware,Server Rack,Sophie Dupont,Enterprise,Proposal,72,3079.88,196394.98,143034.06,53360.92,21.9,4.2
2025-08-15,Q3 2025,Aug,Europe,Germany,Subscriptions,Basic Plan,Hans Mueller,SMB,Qualified,73,78.11,7042.51,3932.23,3110.28,4.7,3.8
2025-08-15,Q3 2025,Aug,Europe,Germany,Hardware,Desktop Plus,Hans Mueller,Enterprise,Closed Won,1,1253.59,1270.48,897.53,372.95,21.8,4.2
2025-08-15,Q3 2025,Aug,North America,Canada,Subscriptions,Professional Plan,Elena Rodriguez,Government,Closed Won,57,231.9,10280.98,6001.93,4279.05,18.3,3.3
2025-08-15,Q3 2025,Aug,North America,USA,Software,Cloud Suite,Sarah Chen,SMB,Lead,41,1689.67,92719.63,58922.67,33796.96,4.4,4.7
2025-08-16,Q3 2025,Aug,Europe,France,Services,Consulting,James Clarke,SMB,Closed Won,166,299.86,40254.66,34845.36,5409.3,6.4,3.1
2025-08-16,Q3 2025,Aug,Europe,France,Services,Consulting,James Clarke,Government,Qualified,124,411.76,38379.46,31092.57,7286.89,13.0,3.2
2025-08-16,Q3 2025,Aug,North America,Canada,Software,Security Pro,Elena Rodriguez,SMB,Proposal,38,668.28,22676.8,12590.96,10085.84,6.2,3.4
2025-08-16,Q3 2025,Aug,North America,USA,Services,Training,Sarah Chen,Enterprise,Qualified,14,75.51,1124.8,842.29,282.51,24.0,4.3
2025-08-17,Q3 2025,Aug,Europe,UK,Subscriptions,Enterprise Plan,Sophie Dupont,Education,Proposal,445,536.15,208329.18,121131.97,87197.21,23.0,3.7
2025-08-17,Q3 2025,Aug,North America,Canada,Hardware,Laptop Pro,Sarah Chen,Education,Qualified,22,2705.65,66833.88,49839.49,16994.39,19.8,4.3
2025-08-17,Q3 2025,Aug,North America,USA,Subscriptions,Basic Plan,Elena Rodriguez,SMB,Qualified,70,37.4,2275.5,1421.8,853.7,8.7,3.0
2025-08-17,Q3 2025,Aug,North America,USA,Hardware,Laptop Pro,Mike Johnson,Enterprise,Closed Won,93,2105.93,200511.19,152779.73,47731.46,16.9,3.4
2025-08-17,Q3 2025,Aug,North America,Canada,Services,Consulting,Elena Rodriguez,Enterprise,Closed Won,76,206.17,11650.03,9732.97,1917.06,21.9,3.5
2025-08-18,Q3 2025,Aug,Asia Pacific,India,Software,Security Pro,Yuki Tanaka,SMB,Closed Won,35,1533.72,78228.16,47420.06,30808.1,5.0,3.9
2025-08-18,Q3 2025,Aug,Latin America,Colombia,Hardware,Desktop Plus,Carlos Silva,SMB,Lead,18,1847.04,48725.06,36078.5,12646.56,5.6,3.4
2025-08-18,Q3 2025,Aug,North America,Canada,Subscriptions,Basic Plan,Sarah Chen,Enterprise,Negotiation,413,54.45,27547.62,15606.06,11941.56,12.5,3.9
2025-08-18,Q3 2025,Aug,North America,Canada,Software,Security Pro,Mike Johnson,Education,Negotiation,25,540.2,12628.36,7358.74,5269.62,24.1,3.9
2025-08-19,Q3 2025,Aug,North America,Canada,Hardware,Networking Kit,Elena Rodriguez,SMB,Negotiation,45,1465.89,57209.64,43180.59,14029.05,8.9,2.9
2025-08-19,Q3 2025,Aug,North America,USA,Hardware,Server Rack,Elena Rodriguez,Enterprise,Negotiation,38,4693.08,138028.59,102183.24,35845.35,18.7,3.2
2025-08-19,Q3 2025,Aug,North America,Canada,Subscriptions,Enterprise Plan,Sarah Chen,Education,Negotiation,426,346.75,164200.55,101243.09,62957.46,20.6,4.5
2025-08-19,Q3 2025,Aug,Asia Pacific,India,Software,Security Pro,Liam Zhang,Government,Negotiation,1,1784.64,1582.57,938.5,644.07,16.5,3.8
2025-08-19,Q3 2025,Aug,Europe,France,Software,Security Pro,James Clarke,Education,Lead,40,1243.01,33292.78,19033.29,14259.49,22.5,3.7
2025-08-20,Q3 2025,Aug,Europe,France,Services,Support,James Clarke,SMB,Qualified,155,340.28,45023.45,32447.61,12575.84,1.2,2.5
2025-08-20,Q3 2025,Aug,Asia Pacific,Australia,Hardware,Laptop Pro,Yuki Tanaka,SMB,Lead,88,1390.12,183901.98,133931.23,49970.75,2.0,3.2
2025-08-20,Q3 2025,Aug,North America,USA,Software,Security Pro,Mike Johnson,SMB,Lead,49,897.73,52785.12,31463.95,21321.17,2.6,3.6
2025-08-21,Q3 2025,Aug,Asia Pacific,India,Hardware,Server Rack,Liam Zhang,Enterprise,Lead,34,4783.43,142494.07,101538.23,40955.84,17.5,4.0
2025-08-21,Q3 2025,Aug,Europe,Germany,Services,Consulting,Sophie Dupont,Enterprise,Negotiation,65,438.58,27058.31,22227.74,4830.57,16.3,3.7
2025-08-21,Q3 2025,Aug,North America,Canada,Hardware,Laptop Pro,Mike Johnson,SMB,Closed Won,25,2961.71,84561.56,67552.15,17009.41,7.3,4.0
2025-08-21,Q3 2025,Aug,Asia Pacific,Australia,Services,Support,Yuki Tanaka,Education,Closed Won,115,227.42,32215.69,24770.18,7445.51,19.7,4.4
2025-08-22,Q3 2025,Aug,North America,USA,Hardware,Desktop Plus,Mike Johnson,SMB,Lead,96,1625.39,173783.27,137426.86,36356.41,9.6,4.0
2025-08-22,Q3 2025,Aug,North America,Canada,Hardware,Server Rack,Elena Rodriguez,Education,Lead,76,4852.78,277375.59,215429.34,61946.25,21.0,3.9
2025-08-22,Q3 2025,Aug,Asia Pacific,Japan,Services,Training,Raj Patel,SMB,Lead,147,181.0,28256.63,20389.43,7867.2,10.0,3.3
2025-08-22,Q3 2025,Aug,Asia Pacific,India,Services,Training,Yuki Tanaka,Education,Lead,114,65.19,9051.73,6814.85,2236.88,20.6,4.6
2025-08-22,Q3 2025,Aug,North America,Canada,Subscriptions,Professional Plan,Elena Rodriguez,Education,Closed Lost,228,208.41,35691.71,20244.95,15446.76,21.1,3.3
2025-08-22,Q3 2025,Aug,North America,USA,Subscriptions,Professional Plan,Elena Rodriguez,SMB,Proposal,369,194.93,65326.65,39276.93,26049.72,4.6,2.9
2025-08-23,Q3 2025,Aug,Europe,Germany,Hardware,Laptop Pro,Sophie Dupont,SMB,Lead,13,2740.75,37535.44,29261.54,8273.9,7.1,3.5
2025-08-24,Q3 2025,Aug,Europe,UK,Hardware,Networking Kit,James Clarke,Enterprise,Qualified,90,800.86,47827.1,37914.54,9912.56,23.2,3.6
2025-08-24,Q3 2025,Aug,North America,Canada,Hardware,Laptop Pro,Mike Johnson,Enterprise,Proposal,16,1403.79,22137.21,16077.31,6059.9,20.0,3.6
2025-08-25,Q3 2025,Aug,Asia Pacific,India,Subscriptions,Basic Plan,Raj Patel,Enterprise,Qualified,72,74.8,5033.17,2840.36,2192.81,20.8,4.0
2025-08-25,Q3 2025,Aug,Asia Pacific,Australia,Services,Implementation,Raj Patel,Education,Lead,92,442.39,37075.96,30564.73,6511.23,22.8,4.4
2025-08-25,Q3 2025,Aug,Asia Pacific,Australia,Services,Consulting,Yuki Tanaka,Enterprise,Closed Lost,150,229.73,45671.79,39545.71,6126.08,13.6,3.6
2025-08-25,Q3 2025,Aug,Europe,UK,Subscriptions,Basic Plan,Hans Mueller,Enterprise,Proposal,421,71.21,32287.11,20764.33,11522.78,16.9,4.7
2025-08-26,Q3 2025,Aug,Latin America,Brazil,Software,Data Platform,Ana Gutierrez,Enterprise,Closed Won,28,2800.4,99477.35,62451.19,37026.16,10.5,3.6
2025-08-26,Q3 2025,Aug,Europe,France,Hardware,Desktop Plus,James Clarke,Enterprise,Closed Won,51,960.77,34842.01,24578.88,10263.13,17.7,3.6
2025-08-26,Q3 2025,Aug,North America,USA,Software,Data Platform,Sarah Chen,SMB,Proposal,49,2304.85,146728.59,91416.17,55312.42,7.2,4.2
2025-08-28,Q3 2025,Aug,North America,Canada,Software,Cloud Suite,Sarah Chen,Enterprise,Negotiation,11,2351.96,29265.91,17148.68,12117.23,19.2,4.0
2025-08-29,Q3 2025,Aug,North America,USA,Hardware,Desktop Plus,Sarah Chen,Enterprise,Closed Won,44,1201.2,63782.76,49396.15,14386.61,13.8,4.2
2025-08-30,Q3 2025,Aug,North America,Canada,Hardware,Desktop Plus,Mike Johnson,SMB,Closed Won,37,1254.09,51792.79,40344.81,11447.98,9.4,3.9
2025-08-30,Q3 2025,Aug,North America,USA,Subscriptions,Basic Plan,Mike Johnson,SMB,Closed Won,193,45.05,10036.96,6004.17,4032.79,6.3,3.4
2025-08-30,Q3 2025,Aug,Asia Pacific,Japan,Hardware,Laptop Pro,Liam Zhang,SMB,Qualified,50,1851.08,96424.79,72994.54,23430.25,1.9,3.4
2025-08-30,Q3 2025,Aug,North America,Canada,Services,Support,Sarah Chen,SMB,Closed Won,41,396.88,21459.62,15869.37,5590.25,5.8,3.9
2025-08-30,Q3 2025,Aug,North America,Canada,Subscriptions,Enterprise Plan,Mike Johnson,Education,Closed Won,339,678.56,218500.8,126655.14,91845.66,22.9,3.9
2025-08-30,Q3 2025,Aug,North America,USA,Software,Data Platform,Sarah Chen,SMB,Closed Lost,43,2972.78,169297.44,96208.5,73088.94,5.4,4.6
2025-08-30,Q3 2025,Aug,North America,Canada,Software,Security Pro,Elena Rodriguez,SMB,Qualified,37,716.52,24506.78,15350.63,9156.15,2.9,3.4
2025-08-31,Q3 2025,Aug,North America,USA,Hardware,Desktop Plus,Sarah Chen,SMB,Closed Won,85,1497.62,170731.68,120392.8,50338.88,4.2,3.8
2025-09-01,Q3 2025,Sep,Asia Pacific,Australia,Hardware,Desktop Plus,Raj Patel,SMB,Proposal,40,1453.82,64091.36,47623.1,16468.26,6.6,3.0
2025-09-01,Q3 2025,Sep,Europe,Germany,Subscriptions,Basic Plan,James Clarke,Enterprise,Lead,363,50.65,11929.98,6891.37,5038.61,24.9,3.1
2025-09-02,Q3 2025,Sep,Europe,Germany,Subscriptions,Enterprise Plan,James Clarke,SMB,Lead,87,556.13,37664.67,22334.72,15329.95,9.9,3.6
2025-09-02,Q3 2025,Sep,North America,USA,Subscriptions,Enterprise Plan,Elena Rodriguez,SMB,Closed Won,294,694.76,189593.61,122405.69,67187.92,2.5,2.8
2025-09-02,Q3 2025,Sep,North America,USA,Software,Cloud Suite,Mike Johnson,Enterprise,Qualified,33,2150.17,68710.01,38718.88,29991.13,21.4,3.4
2025-09-02,Q3 2025,Sep,Asia Pacific,India,Subscriptions,Professional Plan,Yuki Tanaka,Government,Closed Won,277,110.37,40144.86,25555.08,14589.78,14.4,3.9
2025-09-03,Q3 2025,Sep,North America,Canada,Services,Support,Sarah Chen,Government,Qualified,72,144.02,12121.88,8707.71,3414.17,16.5,4.3
2025-09-03,Q3 2025,Sep,Asia Pacific,Japan,Subscriptions,Professional Plan,Yuki Tanaka,Education,Closed Won,335,220.41,93331.59,54707.94,38623.65,17.6,5.0
2025-09-03,Q3 2025,Sep,Asia Pacific,Japan,Subscriptions,Enterprise Plan,Liam Zhang,SMB,Negotiation,427,623.72,261062.06,169644.09,91417.97,7.7,3.9
2025-09-04,Q3 2025,Sep,Latin America,Mexico,Software,Security Pro,Ana Gutierrez,SMB,Lead,5,608.19,4185.54,2557.63,1627.91,2.9,3.8
2025-09-04,Q3 2025,Sep,Europe,Germany,Services,Consulting,Sophie Dupont,Enterprise,Qualified,12,384.11,3998.63,3339.01,659.62,23.5,4.4
2025-09-05,Q3 2025,Sep,North America,Canada,Software,Data Platform,Sarah Chen,SMB,Closed Won,48,3428.0,225063.28,131024.79,94038.49,2.3,3.9
2025-09-05,Q3 2025,Sep,Asia Pacific,Australia,Subscriptions,Basic Plan,Yuki Tanaka,Enterprise,Proposal,326,46.99,20773.07,13470.65,7302.42,11.6,3.7
2025-09-06,Q3 2025,Sep,North America,Canada,Hardware,Desktop Plus,Mike Johnson,Government,Proposal,82,1615.74,134500.3,103785.19,30715.11,17.6,3.7
2025-09-07,Q3 2025,Sep,Europe,UK,Subscriptions,Professional Plan,James Clarke,Government,Closed Won,453,123.93,43024.12,26046.02,16978.1,11.3,3.3
2025-09-08,Q3 2025,Sep,Europe,France,Hardware,Desktop Plus,James Clarke,SMB,Proposal,89,980.16,69114.64,48737.91,20376.73,8.3,3.6
2025-09-08,Q3 2025,Sep,Europe,Germany,Hardware,Server Rack,James Clarke,SMB,Closed Won,55,3800.12,164690.51,125333.22,39357.29,8.8,2.9
2025-09-08,Q3 2025,Sep,Europe,France,Services,Support,James Clarke,Government,Lead,80,276.63,17743.98,13187.27,4556.71,7.2,3.3
2025-09-08,Q3 2025,Sep,Asia Pacific,India,Software,Cloud Suite,Yuki Tanaka,Education,Negotiation,27,1293.55,44521.87,27536.54,16985.33,16.9,4.4
2025-09-08,Q3 2025,Sep,North America,USA,Subscriptions,Basic Plan,Elena Rodriguez,SMB,Closed Won,232,34.95,7055.35,4146.54,2908.81,8.6,2.6
2025-09-09,Q3 2025,Sep,North America,Canada,Services,Consulting,Mike Johnson,Education,Qualified,161,452.87,69526.62,60568.71,8957.91,22.6,4.3
2025-09-10,Q3 2025,Sep,North America,Canada,Services,Consulting,Elena Rodriguez,Enterprise,Lead,86,386.59,26238.59,22821.14,3417.45,17.1,3.3
2025-09-10,Q3 2025,Sep,North America,USA,Hardware,Laptop Pro,Mike Johnson,Enterprise,Lead,34,2848.85,101790.73,81251.71,20539.02,14.7,3.6
2025-09-11,Q3 2025,Sep,North America,USA,Software,Data Platform,Sarah Chen,SMB,Closed Won,38,1281.13,66929.31,40583.31,26346.0,1.8,3.9
2025-09-11,Q3 2025,Sep,Europe,France,Software,Cloud Suite,Hans Mueller,Government,Qualified,29,1630.17,50791.43,31691.87,19099.56,17.1,4.1
2025-09-11,Q3 2025,Sep,North America,Canada,Hardware,Server Rack,Elena Rodriguez,SMB,Closed Won,24,4033.96,92075.75,70319.21,21756.54,0.1,3.9
2025-09-11,Q3 2025,Sep,Europe,UK,Hardware,Networking Kit,Hans Mueller,SMB,Closed Won,94,616.48,71121.65,49940.23,21181.42,5.3,3.9
2025-09-12,Q3 2025,Sep,Asia Pacific,Japan,Software,Cloud Suite,Yuki Tanaka,Enterprise,Lead,41,2496.05,120879.66,77155.64,43724.02,23.0,4.5
2025-09-13,Q3 2025,Sep,Europe,France,Hardware,Desktop Plus,James Clarke,SMB,Closed Lost,56,1228.15,58353.2,44210.66,14142.54,1.8,2.9
2025-09-13,Q3 2025,Sep,Europe,France,Subscriptions,Enterprise Plan,Sophie Dupont,Enterprise,Lead,275,679.42,171620.47,99535.86,72084.61,19.0,3.8
2025-09-14,Q3 2025,Sep,North America,Canada,Services,Consulting,Elena Rodriguez,SMB,Lead,122,282.45,30803.78,26049.77,4754.01,6.1,2.4
2025-09-14,Q3 2025,Sep,Latin America,Mexico,Subscriptions,Professional Plan,Carlos Silva,Enterprise,Qualified,43,182.27,10452.22,6742.83,3709.39,14.1,3.7
2025-09-14,Q3 2025,Sep,North America,USA,Subscriptions,Enterprise Plan,Elena Rodriguez,Enterprise,Lead,164,567.54,76203.64,48334.85,27868.79,14.0,3.0
2025-09-15,Q3 2025,Sep,North America,Canada,Hardware,Server Rack,Sarah Chen,SMB,Proposal,65,3430.71,282848.32,216056.27,66792.05,9.4,3.9
2025-09-15,Q3 2025,Sep,Asia Pacific,Japan,Software,Security Pro,Yuki Tanaka,SMB,Proposal,30,1482.96,61421.24,34766.81,26654.43,10.0,3.4
2025-09-16,Q3 2025,Sep,Europe,UK,Software,Security Pro,James Clarke,Government,Closed Won,26,807.15,16463.69,9753.12,6710.57,9.2,3.3
2025-09-16,Q3 2025,Sep,Europe,France,Services,Training,Sophie Dupont,Education,Lead,132,113.15,14278.06,11629.2,2648.86,15.7,4.1
2025-09-16,Q3 2025,Sep,Asia Pacific,India,Subscriptions,Enterprise Plan,Liam Zhang,SMB,Closed Won,89,306.86,28568.74,17524.02,11044.72,1.5,2.5
2025-09-16,Q3 2025,Sep,North America,USA,Services,Implementation,Elena Rodriguez,SMB,Proposal,132,295.51,33570.01,25929.23,7640.78,9.6,3.2
2025-09-16,Q3 2025,Sep,Asia Pacific,India,Services,Consulting,Yuki Tanaka,Education,Negotiation,66,338.57,25982.86,22538.05,3444.81,24.2,4.1
2025-09-17,Q3 2025,Sep,Latin America,Brazil,Services,Support,Ana Gutierrez,SMB,Closed Lost,104,300.22,42001.25,31072.29,10928.96,5.1,3.8
2025-09-17,Q3 2025,Sep,Asia Pacific,India,Subscriptions,Enterprise Plan,Yuki Tanaka,SMB,Qualified,139,379.21,80776.57,47169.17,33607.4,0.1,4.1
2025-09-17,Q3 2025,Sep,Europe,UK,Subscriptions,Basic Plan,Hans Mueller,Education,Qualified,102,46.66,5125.67,3143.16,1982.51,16.9,5.0
2025-09-18,Q3 2025,Sep,Europe,France,Software,Cloud Suite,Hans Mueller,Government,Closed Lost,28,1066.21,36020.98,21299.0,14721.98,6.9,4.0
2025-09-19,Q3 2025,Sep,North America,USA,Hardware,Desktop Plus,Mike Johnson,SMB,Lead,65,1056.58,76826.72,61281.45,15545.27,9.2,3.8
2025-09-19,Q3 2025,Sep,Europe,Germany,Hardware,Server Rack,James Clarke,SMB,Proposal,36,4359.26,134505.7,107476.94,27028.76,0.8,3.2
2025-09-20,Q3 2025,Sep,Europe,UK,Software,Data Platform,Sophie Dupont,Enterprise,Negotiation,39,1563.63,58019.45,35763.15,22256.3,16.1,3.4
2025-09-20,Q3 2025,Sep,Europe,UK,Services,Support,Sophie Dupont,Enterprise,Closed Lost,38,370.83,12751.89,9239.99,3511.9,20.2,3.3
2025-09-20,Q3 2025,Sep,North America,Canada,Services,Consulting,Elena Rodriguez,Government,Proposal,16,374.48,5310.5,4572.48,738.02,6.9,3.6
2025-09-21,Q3 2025,Sep,Europe,France,Software,Data Platform,Hans Mueller,SMB,Lead,31,2806.08,104620.0,62902.57,41717.43,7.2,4.9
2025-09-21,Q3 2025,Sep,Asia Pacific,India,Hardware,Laptop Pro,Raj Patel,SMB,Lead,40,1760.65,82354.76,63954.25,18400.51,0.9,2.5
2025-09-22,Q3 2025,Sep,North America,USA,Services,Consulting,Sarah Chen,Government,Qualified,149,468.53,90209.74,73907.56,16302.18,7.7,4.0
2025-09-22,Q3 2025,Sep,Europe,UK,Subscriptions,Enterprise Plan,Sophie Dupont,Enterprise,Closed Won,347,694.62,229871.86,139958.68,89913.18,15.9,3.5
2025-09-23,Q3 2025,Sep,North America,Canada,Services,Training,Mike Johnson,Enterprise,Proposal,116,87.65,10434.36,8068.4,2365.96,16.7,3.0
2025-09-24,Q3 2025,Sep,Europe,France,Services,Support,Hans Mueller,Government,Lead,65,192.12,14290.64,10464.06,3826.58,11.7,4.1
2025-09-24,Q3 2025,Sep,North America,Canada,Hardware,Desktop Plus,Mike Johnson,SMB,Closed Won,51,915.77,54547.6,40978.18,13569.42,5.2,3.3
2025-09-24,Q3 2025,Sep,North America,USA,Hardware,Desktop Plus,Sarah Chen,Enterprise,Closed Won,93,1961.01,217280.3,160145.57,57134.73,14.9,4.5
2025-09-25,Q3 2025,Sep,North America,Canada,Services,Consulting,Elena Rodriguez,SMB,Proposal,135,473.62,57095.72,46310.7,10785.02,6.2,3.3
2025-09-25,Q3 2025,Sep,Latin America,Colombia,Services,Training,Ana Gutierrez,SMB,Lead,171,149.24,34510.62,26625.52,7885.1,4.6,4.0
2025-09-25,Q3 2025,Sep,Asia Pacific,Japan,Software,Cloud Suite,Liam Zhang,Enterprise,Qualified,30,1254.81,32662.23,18747.5,13914.73,18.3,3.8
2025-09-25,Q3 2025,Sep,North America,Canada,Hardware,Server Rack,Sarah Chen,SMB,Closed Won,61,4499.46,350055.29,257266.89,92788.4,8.9,4.1
2025-09-25,Q3 2025,Sep,North America,USA,Subscriptions,Professional Plan,Sarah Chen,Education,Closed Won,27,191.56,6133.1,3845.57,2287.53,15.3,4.2
2025-09-26,Q3 2025,Sep,Asia Pacific,Australia,Hardware,Laptop Pro,Yuki Tanaka,Enterprise,Proposal,48,2513.43,155272.79,117925.07,37347.72,16.1,4.8
2025-09-26,Q3 2025,Sep,Europe,UK,Software,Cloud Suite,Hans Mueller,Education,Lead,34,1422.38,52961.01,29285.49,23675.52,15.5,4.6
2025-09-26,Q3 2025,Sep,North America,USA,Subscriptions,Professional Plan,Elena Rodriguez,SMB,Lead,290,203.52,50906.15,31058.1,19848.05,9.4,3.6
2025-09-26,Q3 2025,Sep,North America,Canada,Software,Cloud Suite,Mike Johnson,Enterprise,Closed Lost,38,1441.15,53435.35,34132.21,19303.14,20.8,4.1
2025-09-26,Q3 2025,Sep,North America,USA,Software,Security Pro,Mike Johnson,Education,Qualified,3,1460.53,4410.26,2846.07,1564.19,18.3,4.3
2025-09-27,Q3 2025,Sep,Europe,UK,Software,Security Pro,Sophie Dupont,Enterprise,Closed Won,31,1707.73,48266.97,30704.65,17562.32,19.6,3.7
2025-09-27,Q3 2025,Sep,North America,Canada,Services,Training,Elena Rodriguez,Enterprise,Closed Lost,109,148.39,12133.73,9000.44,3133.29,21.2,3.4
2025-09-28,Q3 2025,Sep,North America,Canada,Hardware,Networking Kit,Sarah Chen,SMB,Closed Won,35,404.58,19051.27,15229.72,3821.55,3.9,3.5
2025-09-28,Q3 2025,Sep,North America,Canada,Services,Consulting,Sarah Chen,Enterprise,Lead,126,203.35,29701.14,24453.16,5247.98,17.2,4.2
2025-09-28,Q3 2025,Sep,North America,USA,Subscriptions,Professional Plan,Mike Johnson,Government,Lead,370,101.9,37438.78,20826.04,16612.74,19.4,3.5
2025-09-29,Q3 2025,Sep,Europe,Germany,Software,Security Pro,Hans Mueller,Education,Qualified,49,538.23,27924.86,17337.09,10587.77,18.3,4.6
2025-09-29,Q3 2025,Sep,North America,Canada,Subscriptions,Professional Plan,Sarah Chen,SMB,Lead,165,235.45,51234.39,29295.03,21939.36,5.8,4.1
2025-09-29,Q3 2025,Sep,Latin America,Mexico,Subscriptions,Enterprise Plan,Carlos Silva,Education,Closed Won,61,333.43,26461.24,16998.19,9463.05,16.2,4.1
2025-09-30,Q3 2025,Sep,North America,Canada,Hardware,Laptop Pro,Sarah Chen,SMB,Lead,38,2712.23,143857.76,112631.19,31226.57,0.3,4.3
2025-10-01,Q4 2025,Oct,North America,USA,Services,Training,Sarah Chen,SMB,Closed Won,87,203.95,25378.92,19261.45,6117.47,2.7,4.4
2025-10-01,Q4 2025,Oct,North America,USA,Services,Consulting,Elena Rodriguez,SMB,Closed Won,158,486.91,72210.05,57997.33,14212.72,6.1,2.7
2025-10-02,Q4 2025,Oct,North America,USA,Subscriptions,Professional Plan,Mike Johnson,SMB,Lead,26,124.25,4307.93,2435.93,1872.0,1.6,4.0
2025-10-02,Q4 2025,Oct,Latin America,Colombia,Software,Data Platform,Carlos Silva,Education,Closed Won,22,3055.23,94203.21,54492.35,39710.86,21.5,4.0
2025-10-02,Q4 2025,Oct,Europe,France,Services,Consulting,James Clarke,SMB,Lead,8,262.84,1760.7,1406.51,354.19,7.7,3.6
2025-10-03,Q4 2025,Oct,North America,USA,Services,Consulting,Sarah Chen,Enterprise,Lead,13,368.0,6153.42,5022.86,1130.56,12.5,4.8
2025-10-03,Q4 2025,Oct,Asia Pacific,India,Subscriptions,Professional Plan,Liam Zhang,Enterprise,Closed Lost,415,249.93,96933.45,55212.22,41721.23,20.0,3.5
2025-10-04,Q4 2025,Oct,North America,Canada,Hardware,Desktop Plus,Sarah Chen,SMB,Closed Won,98,1480.52,268321.07,208155.17,60165.9,8.9,3.7
2025-10-04,Q4 2025,Oct,Asia Pacific,Australia,Services,Implementation,Yuki Tanaka,Government,Lead,82,553.99,68267.2,51743.16,16524.04,6.7,4.2
2025-10-04,Q4 2025,Oct,North America,USA,Services,Consulting,Mike Johnson,Government,Qualified,154,368.95,67693.64,54585.63,13108.01,7.9,4.3
2025-10-05,Q4 2025,Oct,North America,Canada,Services,Consulting,Elena Rodriguez,Government,Closed Won,141,369.28,47675.65,38694.56,8981.09,8.4,3.3
2025-10-05,Q4 2025,Oct,Europe,France,Services,Implementation,Hans Mueller,Education,Qualified,90,720.26,72774.64,57604.78,15169.86,17.5,4.0
2025-10-06,Q4 2025,Oct,Latin America,Mexico,Hardware,Laptop Pro,Ana Gutierrez,Enterprise,Qualified,87,1443.59,213739.37,154581.57,59157.8,17.2,4.2
2025-10-06,Q4 2025,Oct,North America,USA,Software,Data Platform,Elena Rodriguez,Government,Lead,37,1698.53,57657.23,32380.95,25276.28,16.2,4.0
2025-10-06,Q4 2025,Oct,Latin America,Mexico,Subscriptions,Enterprise Plan,Ana Gutierrez,Government,Lead,72,405.35,42321.53,26147.05,16174.48,7.0,4.0
2025-10-06,Q4 2025,Oct,Asia Pacific,Australia,Subscriptions,Professional Plan,Raj Patel,SMB,Lead,471,120.18,69799.35,42162.8,27636.55,5.0,3.3
2025-10-06,Q4 2025,Oct,North America,Canada,Services,Implementation,Sarah Chen,Education,Closed Won,134,707.9,111274.83,89735.35,21539.48,20.2,5.0
2025-10-07,Q4 2025,Oct,North America,USA,Services,Training,Sarah Chen,SMB,Proposal,12,174.97,2861.16,2153.02,708.14,7.3,4.1
2025-10-07,Q4 2025,Oct,Latin America,Mexico,Hardware,Desktop Plus,Ana Gutierrez,Enterprise,Closed Lost,29,874.48,43315.16,30879.51,12435.65,16.9,3.8
2025-10-08,Q4 2025,Oct,Europe,UK,Hardware,Laptop Pro,Sophie Dupont,Enterprise,Closed Won,57,1328.1,93855.13,72123.23,21731.9,24.6,4.2
2025-10-08,Q4 2025,Oct,North America,Canada,Hardware,Server Rack,Sarah Chen,Enterprise,Proposal,100,4820.33,865996.39,686583.58,179412.81,11.5,3.5
2025-10-08,Q4 2025,Oct,Europe,France,Subscriptions,Enterprise Plan,Hans Mueller,Enterprise,Lead,65,504.81,36860.84,21366.18,15494.66,21.2,4.0
2025-10-08,Q4 2025,Oct,North America,USA,Services,Consulting,Mike Johnson,SMB,Closed Won,11,307.65,4010.01,3146.87,863.14,8.4,3.5
2025-10-08,Q4 2025,Oct,North America,USA,Hardware,Networking Kit,Mike Johnson,Education,Lead,19,1161.23,33344.25,26108.48,7235.77,15.4,4.9
2025-10-08,Q4 2025,Oct,Europe,Germany,Hardware,Desktop Plus,James Clarke,Government,Proposal,32,1125.37,39521.29,28445.38,11075.91,12.4,3.8
2025-10-09,Q4 2025,Oct,Europe,UK,Hardware,Desktop Plus,James Clarke,Enterprise,Closed Won,52,1266.64,72696.62,52632.12,20064.5,11.9,3.3
2025-10-09,Q4 2025,Oct,North America,USA,Software,Data Platform,Mike Johnson,Enterprise,Closed Won,34,2996.63,117934.98,70279.95,47655.03,18.3,4.6
2025-10-10,Q4 2025,Oct,North America,Canada,Subscriptions,Professional Plan,Elena Rodriguez,Education,Proposal,137,232.45,25078.27,15136.72,9941.55,24.8,4.2
2025-10-10,Q4 2025,Oct,Asia Pacific,Japan,Hardware,Networking Kit,Yuki Tanaka,Enterprise,Closed Lost,93,474.38,81349.94,63780.4,17569.54,17.1,4.6
2025-10-10,Q4 2025,Oct,Asia Pacific,Japan,Subscriptions,Enterprise Plan,Liam Zhang,Enterprise,Proposal,412,705.84,277890.68,162842.18,115048.5,18.2,3.1
2025-10-10,Q4 2025,Oct,North America,USA,Hardware,Networking Kit,Elena Rodriguez,Government,Lead,91,1271.05,133320.05,99841.33,33478.72,16.5,3.2
2025-10-11,Q4 2025,Oct,Europe,UK,Hardware,Laptop Pro,James Clarke,Enterprise,Closed Lost,61,2301.16,144554.03,109203.29,35350.74,17.8,3.2
2025-10-11,Q4 2025,Oct,Europe,Germany,Software,Cloud Suite,Sophie Dupont,SMB,Closed Won,34,1499.94,61518.46,39403.2,22115.26,7.5,4.0
2025-10-11,Q4 2025,Oct,Latin America,Brazil,Software,Data Platform,Pedro Morales,SMB,Negotiation,24,2396.12,66089.1,42093.52,23995.58,1.3,3.6
2025-10-12,Q4 2025,Oct,Asia Pacific,Australia,Services,Support,Liam Zhang,SMB,Closed Won,198,175.51,37627.04,29540.12,8086.92,2.9,3.2
2025-10-13,Q4 2025,Oct,Latin America,Colombia,Services,Training,Carlos Silva,Education,Proposal,108,212.31,31584.34,22744.8,8839.54,15.5,4.3
2025-10-13,Q4 2025,Oct,Latin America,Mexico,Services,Consulting,Carlos Silva,Government,Closed Won,190,475.25,122172.86,97969.18,24203.68,17.0,3.9
2025-10-13,Q4 2025,Oct,Europe,France,Hardware,Laptop Pro,Hans Mueller,Enterprise,Closed Won,56,2337.0,193304.64,142166.4,51138.24,21.4,4.7
2025-10-13,Q4 2025,Oct,Europe,UK,Software,Security Pro,Hans Mueller,SMB,Lead,36,1587.2,76729.4,46467.09,30262.31,9.9,3.5
2025-10-13,Q4 2025,Oct,North America,Canada,Subscriptions,Professional Plan,Sarah Chen,Government,Closed Won,324,95.21,44370.59,28276.28,16094.31,6.6,3.5
2025-10-13,Q4 2025,Oct,North America,USA,Subscriptions,Basic Plan,Mike Johnson,Enterprise,Closed Lost,196,62.5,14824.87,8348.19,6476.68,10.7,4.0
2025-10-14,Q4 2025,Oct,Europe,UK,Subscriptions,Enterprise Plan,James Clarke,Enterprise,Lead,187,537.44,83099.28,46243.14,36856.14,13.0,3.2
2025-10-14,Q4 2025,Oct,North America,Canada,Software,Cloud Suite,Sarah Chen,Enterprise,Closed Won,31,1991.24,82686.48,49912.84,32773.64,16.8,4.3
2025-10-14,Q4 2025,Oct,Asia Pacific,India,Services,Support,Yuki Tanaka,SMB,Lead,12,358.1,6471.6,4802.07,1669.53,6.5,3.7
2025-10-15,Q4 2025,Oct,Latin America,Mexico,Services,Consulting,Ana Gutierrez,Enterprise,Lead,145,186.68,33076.63,26701.34,6375.29,17.9,4.0
2025-10-15,Q4 2025,Oct,Europe,Germany,Hardware,Networking Kit,James Clarke,Enterprise,Closed Won,33,1499.64,54558.87,42016.12,12542.75,12.0,3.5
2025-10-15,Q4 2025,Oct,Europe,Germany,Services,Support,Sophie Dupont,Enterprise,Lead,40,399.43,16665.07,11982.58,4682.49,12.4,4.3
2025-10-16,Q4 2025,Oct,North America,USA,Services,Support,Mike Johnson,SMB,Qualified,15,388.57,6891.39,5210.61,1680.78,8.6,3.8
2025-10-16,Q4 2025,Oct,Europe,Germany,Subscriptions,Enterprise Plan,Sophie Dupont,SMB,Closed Won,476,501.21,275279.68,152273.19,123006.49,7.5,3.5
2025-10-17,Q4 2025,Oct,Europe,Germany,Subscriptions,Professional Plan,James Clarke,Enterprise,Closed Won,435,156.52,54096.83,31710.4,22386.43,16.4,3.4
2025-10-17,Q4 2025,Oct,Europe,UK,Software,Data Platform,James Clarke,Education,Qualified,40,2373.02,73375.75,41519.81,31855.94,22.2,3.8
2025-10-17,Q4 2025,Oct,Asia Pacific,India,Hardware,Networking Kit,Liam Zhang,Enterprise,Qualified,77,434.82,39286.9,30317.19,8969.71,23.8,3.6
2025-10-17,Q4 2025,Oct,Latin America,Colombia,Hardware,Desktop Plus,Carlos Silva,SMB,Lead,54,1084.04,124792.55,88195.57,36596.98,5.3,4.1
2025-10-19,Q4 2025,Oct,North America,USA,Services,Training,Mike Johnson,Enterprise,Closed Lost,146,60.5,9026.83,7373.55,1653.28,21.0,3.8
2025-10-19,Q4 2025,Oct,North America,USA,Software,Security Pro,Mike Johnson,SMB,Closed Won,8,959.35,10590.94,6220.1,4370.84,2.6,3.3
2025-10-19,Q4 2025,Oct,Asia Pacific,Japan,Software,Data Platform,Raj Patel,Enterprise,Lead,16,2593.09,49713.93,30601.01,19112.92,11.7,4.3
2025-10-20,Q4 2025,Oct,Latin America,Brazil,Hardware,Desktop Plus,Ana Gutierrez,Enterprise,Lead,92,896.43,146456.62,115494.16,30962.46,13.6,3.6
2025-10-20,Q4 2025,Oct,Latin America,Colombia,Subscriptions,Professional Plan,Ana Gutierrez,Enterprise,Closed Won,352,219.39,103073.97,56939.51,46134.46,14.4,3.7
2025-10-20,Q4 2025,Oct,Europe,UK,Hardware,Server Rack,Sophie Dupont,Education,Qualified,76,4667.93,459668.98,332159.76,127509.22,21.2,4.9
2025-10-20,Q4 2025,Oct,Europe,France,Subscriptions,Enterprise Plan,Sophie Dupont,Education,Closed Won,140,451.19,61616.92,38543.27,23073.65,21.8,3.6
2025-10-20,Q4 2025,Oct,Latin America,Brazil,Hardware,Desktop Plus,Ana Gutierrez,Enterprise,Closed Won,61,1125.56,105840.24,80273.4,25566.84,25.0,3.4
2025-10-20,Q4 2025,Oct,Asia Pacific,Australia,Services,Consulting,Liam Zhang,SMB,Closed Won,172,164.01,28657.02,24243.4,4413.62,8.9,3.5
2025-10-20,Q4 2025,Oct,North America,Canada,Services,Training,Sarah Chen,Government,Negotiation,148,188.81,33765.71,26940.79,6824.92,17.8,4.5
2025-10-20,Q4 2025,Oct,Asia Pacific,India,Hardware,Laptop Pro,Liam Zhang,Government,Qualified,13,1257.47,20792.83,15607.08,5185.75,17.4,3.9
2025-10-20,Q4 2025,Oct,Latin America,Brazil,Subscriptions,Enterprise Plan,Ana Gutierrez,Enterprise,Negotiation,118,486.99,75355.3,44669.22,30686.08,15.9,3.6
2025-10-21,Q4 2025,Oct,Asia Pacific,Australia,Subscriptions,Basic Plan,Raj Patel,SMB,Proposal,91,51.12,5567.21,3064.89,2502.32,7.8,2.8
2025-10-21,Q4 2025,Oct,Asia Pacific,Japan,Subscriptions,Enterprise Plan,Liam Zhang,SMB,Proposal,479,483.97,251857.05,161712.91,90144.14,7.0,3.6
2025-10-21,Q4 2025,Oct,Asia Pacific,Japan,Subscriptions,Basic Plan,Raj Patel,SMB,Closed Won,255,50.47,16304.14,9767.26,6536.88,2.4,3.5
2025-10-21,Q4 2025,Oct,North America,Canada,Subscriptions,Basic Plan,Mike Johnson,SMB,Closed Lost,243,36.83,11413.03,6500.28,4912.75,5.9,3.3
2025-10-21,Q4 2025,Oct,Europe,UK,Hardware,Laptop Pro,Sophie Dupont,Enterprise,Closed Won,12,2748.27,42189.2,31759.84,10429.36,22.2,3.4
2025-10-22,Q4 2025,Oct,Asia Pacific,Australia,Hardware,Networking Kit,Raj Patel,Enterprise,Proposal,58,861.92,75099.92,54620.96,20478.96,12.2,3.7
2025-10-22,Q4 2025,Oct,North America,USA,Hardware,Desktop Plus,Sarah Chen,Education,Lead,29,1629.33,74720.63,53505.71,21214.92,22.1,4.8
2025-10-22,Q4 2025,Oct,Europe,France,Hardware,Networking Kit,James Clarke,SMB,Lead,88,646.94,65759.63,46762.69,18996.94,7.8,3.4
2025-10-22,Q4 2025,Oct,Europe,France,Services,Training,Hans Mueller,Enterprise,Lead,8,116.66,1076.97,832.53,244.44,15.2,4.6
2025-10-23,Q4 2025,Oct,North America,USA,Services,Support,Mike Johnson,SMB,Negotiation,188,238.78,55631.57,39606.61,16024.96,4.2,2.9
2025-10-24,Q4 2025,Oct,Europe,France,Services,Training,Sophie Dupont,SMB,Lead,164,171.34,30346.75,21927.77,8418.98,9.3,3.7
2025-10-24,Q4 2025,Oct,North America,USA,Hardware,Desktop Plus,Sarah Chen,Government,Closed Lost,69,1154.49,141657.45,99570.47,42086.98,12.4,4.1
2025-10-25,Q4 2025,Oct,Europe,Germany,Software,Security Pro,James Clarke,SMB,Qualified,32,1065.61,31577.36,17800.78,13776.58,6.8,2.8
2025-10-25,Q4 2025,Oct,Asia Pacific,India,Hardware,Server Rack,Yuki Tanaka,SMB,Proposal,94,3547.42,720941.61,557784.15,163157.46,2.8,3.8
2025-10-25,Q4 2025,Oct,Asia Pacific,Australia,Hardware,Laptop Pro,Raj Patel,Education,Closed Lost,6,2920.19,25302.0,18392.79,6909.21,15.6,4.0
2025-10-25,Q4 2025,Oct,North America,USA,Hardware,Desktop Plus,Mike Johnson,SMB,Qualified,50,938.88,76564.88,58259.4,18305.48,8.7,3.9
2025-10-26,Q4 2025,Oct,Asia Pacific,Australia,Subscriptions,Enterprise Plan,Yuki Tanaka,SMB,Closed Won,92,399.36,60881.02,35482.21,25398.81,1.8,5.0
2025-10-27,Q4 2025,Oct,North America,USA,Hardware,Laptop Pro,Elena Rodriguez,SMB,Negotiation,66,1618.67,134346.26,99376.31,34969.95,8.9,3.7
2025-10-27,Q4 2025,Oct,North America,USA,Services,Consulting,Elena Rodriguez,SMB,Proposal,13,266.37,3329.89,2698.58,631.31,3.8,2.9
2025-10-27,Q4 2025,Oct,Asia Pacific,Japan,Services,Training,Raj Patel,SMB,Negotiation,17,192.7,3726.02,2805.86,920.16,8.2,3.3
2025-10-27,Q4 2025,Oct,North America,Canada,Services,Implementation,Sarah Chen,Enterprise,Lead,129,594.15,87205.55,73004.58,14200.97,22.6,4.4
2025-10-28,Q4 2025,Oct,Asia Pacific,Japan,Software,Security Pro,Yuki Tanaka,Enterprise,Qualified,6,1587.79,13881.86,7825.15,6056.71,17.4,4.4
2025-10-29,Q4 2025,Oct,Europe,France,Software,Security Pro,James Clarke,SMB,Closed Won,29,837.01,22284.98,12880.68,9404.3,7.6,3.5
2025-10-29,Q4 2025,Oct,Asia Pacific,India,Subscriptions,Enterprise Plan,Raj Patel,Education,Negotiation,122,482.37,60650.63,35435.75,25214.88,20.6,4.1
2025-10-29,Q4 2025,Oct,North America,Canada,Software,Data Platform,Elena Rodriguez,Education,Qualified,17,2240.64,33695.13,19172.68,14522.45,19.2,3.7
2025-10-30,Q4 2025,Oct,Europe,Germany,Software,Data Platform,Sophie Dupont,Enterprise,Closed Won,37,2326.38,91485.21,55041.24,36443.97,18.5,3.4
2025-10-31,Q4 2025,Oct,North America,USA,Services,Support,Sarah Chen,SMB,Qualified,28,368.91,14106.25,9958.21,4148.04,7.1,4.1
2025-11-01,Q4 2025,Nov,North America,Canada,Hardware,Networking Kit,Mike Johnson,Enterprise,Closed Won,46,1126.17,74311.5,55190.51,19120.99,19.7,4.2
2025-11-01,Q4 2025,Nov,Asia Pacific,Japan,Software,Data Platform,Liam Zhang,Enterprise,Closed Won,35,1916.06,61427.21,38280.01,23147.2,25.0,3.4
2025-11-01,Q4 2025,Nov,Europe,UK,Subscriptions,Professional Plan,Hans Mueller,Enterprise,Lead,16,99.7,1823.84,1027.98,795.86,19.8,3.6
2025-11-01,Q4 2025,Nov,Europe,Germany,Services,Implementation,Hans Mueller,Enterprise,Qualified,41,771.37,34773.81,27406.67,7367.14,19.2,4.5
2025-11-01,Q4 2025,Nov,Asia Pacific,India,Software,Cloud Suite,Yuki Tanaka,SMB,Qualified,15,1934.4,47348.09,28276.46,19071.63,7.5,3.6
2025-11-01,Q4 2025,Nov,Latin America,Brazil,Services,Training,Pedro Morales,Education,Negotiation,66,196.63,11189.2,8496.58,2692.62,18.9,3.3
2025-11-02,Q4 2025,Nov,North America,Canada,Hardware,Server Rack,Elena Rodriguez,Education,Qualified,47,4154.78,202706.97,143813.38,58893.59,24.8,3.3
2025-11-02,Q4 2025,Nov,North America,USA,Software,Security Pro,Mike Johnson,SMB,Qualified,22,1745.3,51245.09,31664.92,19580.17,5.8,3.4
2025-11-02,Q4 2025,Nov,North America,USA,Hardware,Desktop Plus,Mike Johnson,Government,Lead,15,1609.62,35367.73,26516.7,8851.03,18.0,3.6
2025-11-03,Q4 2025,Nov,Europe,UK,Services,Training,Sophie Dupont,Government,Lead,149,81.65,13471.87,10955.97,2515.9,7.0,3.8
2025-11-03,Q4 2025,Nov,Asia Pacific,India,Subscriptions,Professional Plan,Raj Patel,SMB,Lead,112,203.64,29278.72,16811.38,12467.34,1.1,3.8
2025-11-04,Q4 2025,Nov,Europe,France,Hardware,Networking Kit,Sophie Dupont,Government,Closed Lost,16,1343.46,29654.3,22689.62,6964.68,16.1,3.9
2025-11-05,Q4 2025,Nov,Europe,Germany,Hardware,Desktop Plus,Hans Mueller,Enterprise,Qualified,15,1252.12,27459.32,21197.73,6261.59,22.2,4.1
2025-11-05,Q4 2025,Nov,North America,USA,Software,Data Platform,Mike Johnson,Government,Qualified,46,3021.45,184707.54,109112.34,75595.2,6.2,4.2
2025-11-05,Q4 2025,Nov,North America,USA,Services,Implementation,Elena Rodriguez,SMB,Closed Lost,67,408.74,25841.65,19454.66,6386.99,5.6,2.9
2025-11-05,Q4 2025,Nov,North America,Canada,Hardware,Networking Kit,Elena Rodriguez,SMB,Closed Lost,73,703.43,68190.48,53067.58,15122.9,3.8,2.5
2025-11-05,Q4 2025,Nov,Asia Pacific,Australia,Hardware,Server Rack,Liam Zhang,Education,Lead,87,4052.45,432157.95,338050.95,94107.0,20.4,3.8
2025-11-05,Q4 2025,Nov,Latin America,Brazil,Subscriptions,Basic Plan,Carlos Silva,Government,Lead,493,29.73,20750.12,11574.55,9175.57,17.1,3.9
2025-11-06,Q4 2025,Nov,Europe,France,Hardware,Server Rack,Sophie Dupont,SMB,Closed Lost,52,4391.73,369876.09,292905.93,76970.16,1.5,3.6
2025-11-06,Q4 2025,Nov,Asia Pacific,Australia,Subscriptions,Enterprise Plan,Raj Patel,SMB,Proposal,156,484.37,97098.32,60268.5,36829.82,1.0,3.2
2025-11-06,Q4 2025,Nov,Europe,UK,Software,Data Platform,James Clarke,Government,Proposal,33,1439.01,38831.95,24135.07,14696.88,17.7,2.6
2025-11-07,Q4 2025,Nov,Latin America,Colombia,Subscriptions,Enterprise Plan,Ana Gutierrez,Education,Closed Won,48,338.84,20972.84,13391.54,7581.3,17.3,4.2
2025-11-07,Q4 2025,Nov,Asia Pacific,Japan,Services,Consulting,Yuki Tanaka,Education,Closed Won,140,433.22,77370.67,68034.98,9335.69,20.8,4.3
2025-11-07,Q4 2025,Nov,North America,USA,Hardware,Laptop Pro,Mike Johnson,SMB,Lead,52,1490.63,134314.73,97972.2,36342.53,3.0,3.4
2025-11-07,Q4 2025,Nov,Europe,France,Services,Implementation,Hans Mueller,SMB,Lead,25,703.1,21742.79,17954.23,3788.56,9.1,3.6
2025-11-07,Q4 2025,Nov,Europe,France,Subscriptions,Basic Plan,James Clarke,SMB,Proposal,388,79.54,28069.56,15901.69,12167.87,4.3,2.2
2025-11-08,Q4 2025,Nov,North America,USA,Subscriptions,Enterprise Plan,Elena Rodriguez,Education,Closed Won,253,728.07,149108.63,83589.18,65519.45,22.7,3.5
2025-11-08,Q4 2025,Nov,Europe,France,Services,Consulting,Hans Mueller,Enterprise,Closed Lost,175,213.64,43244.8,35449.39,7795.41,15.0,3.7
2025-11-08,Q4 2025,Nov,North America,USA,Hardware,Networking Kit,Elena Rodriguez,SMB,Lead,50,471.09,32222.0,23147.13,9074.87,0.9,2.8
2025-11-08,Q4 2025,Nov,Europe,Germany,Software,Security Pro,James Clarke,Enterprise,Closed Won,41,1613.89,51084.65,30270.89,20813.76,22.3,3.1
2025-11-09,Q4 2025,Nov,North America,Canada,Services,Support,Sarah Chen,SMB,Qualified,7,199.46,1964.19,1418.85,545.34,4.3,3.7
2025-11-10,Q4 2025,Nov,Europe,Germany,Services,Implementation,James Clarke,Government,Closed Won,107,469.67,40621.63,32005.9,8615.73,10.9,2.9
2025-11-10,Q4 2025,Nov,Europe,France,Subscriptions,Professional Plan,Hans Mueller,SMB,Closed Won,469,151.8,98348.12,60747.41,37600.71,3.1,3.8
2025-11-11,Q4 2025,Nov,North America,Canada,Software,Cloud Suite,Sarah Chen,SMB,Negotiation,1,911.4,1429.2,844.47,584.73,2.6,3.4
2025-11-11,Q4 2025,Nov,North America,Canada,Software,Data Platform,Mike Johnson,SMB,Lead,15,1729.49,33888.22,21252.28,12635.94,7.8,3.7
2025-11-11,Q4 2025,Nov,Europe,UK,Hardware,Networking Kit,Hans Mueller,SMB,Negotiation,81,482.81,68567.12,50114.77,18452.35,6.7,4.0
2025-11-12,Q4 2025,Nov,Europe,France,Hardware,Desktop Plus,James Clarke,Enterprise,Proposal,49,1075.32,53270.78,41337.53,11933.25,19.3,2.8
2025-11-12,Q4 2025,Nov,Europe,France,Subscriptions,Basic Plan,Hans Mueller,SMB,Lead,207,36.01,9903.92,5626.74,4277.18,6.8,3.5
2025-11-13,Q4 2025,Nov,Europe,UK,Hardware,Desktop Plus,Hans Mueller,SMB,Closed Won,48,1973.01,170138.04,124920.71,45217.33,4.4,3.7
2025-11-13,Q4 2025,Nov,North America,USA,Software,Cloud Suite,Sarah Chen,Enterprise,Closed Won,27,1310.66,47630.59,28707.21,18923.38,16.4,4.6
2025-11-13,Q4 2025,Nov,Europe,France,Hardware,Laptop Pro,Sophie Dupont,SMB,Negotiation,13,1450.03,29228.94,20645.1,8583.84,5.7,3.4
2025-11-14,Q4 2025,Nov,Latin America,Colombia,Hardware,Desktop Plus,Carlos Silva,SMB,Closed Won,85,1458.04,274804.73,194540.3,80264.43,1.5,4.1
2025-11-15,Q4 2025,Nov,North America,Canada,Hardware,Desktop Plus,Sarah Chen,Education,Qualified,80,1747.99,235898.94,186443.67,49455.27,16.9,4.6
2025-11-15,Q4 2025,Nov,Asia Pacific,India,Subscriptions,Professional Plan,Liam Zhang,Education,Negotiation,226,164.43,33947.94,19476.46,14471.48,21.8,3.5
2025-11-17,Q4 2025,Nov,North America,Canada,Software,Security Pro,Sarah Chen,Government,Proposal,47,1639.68,108068.96,67486.59,40582.37,12.9,4.3
2025-11-17,Q4 2025,Nov,North America,Canada,Subscriptions,Basic Plan,Mike Johnson,Government,Proposal,336,57.07,20841.31,11973.33,8867.98,19.8,3.2
2025-11-17,Q4 2025,Nov,North America,Canada,Software,Security Pro,Elena Rodriguez,Government,Lead,50,759.07,37936.51,21286.5,16650.01,8.7,3.5
2025-11-17,Q4 2025,Nov,Latin America,Brazil,Services,Training,Carlos Silva,Enterprise,Closed Won,6,179.06,1376.55,1099.04,277.51,21.4,4.0
2025-11-17,Q4 2025,Nov,Latin America,Mexico,Services,Consulting,Ana Gutierrez,SMB,Closed Won,103,178.95,26253.86,22508.69,3745.17,4.3,3.5
2025-11-18,Q4 2025,Nov,Asia Pacific,India,Hardware,Desktop Plus,Raj Patel,SMB,Lead,65,1786.02,186714.28,131783.04,54931.24,6.0,3.7
2025-11-18,Q4 2025,Nov,North America,Canada,Hardware,Desktop Plus,Sarah Chen,Enterprise,Lead,18,1054.99,30184.13,22788.52,7395.61,21.7,4.5
2025-11-19,Q4 2025,Nov,North America,Canada,Services,Support,Sarah Chen,SMB,Proposal,12,344.76,5923.45,4467.16,1456.29,2.6,4.1
2025-11-19,Q4 2025,Nov,North America,Canada,Services,Support,Sarah Chen,SMB,Lead,29,145.06,5584.07,4228.33,1355.74,9.7,4.0
2025-11-19,Q4 2025,Nov,North America,USA,Hardware,Networking Kit,Mike Johnson,SMB,Qualified,39,1014.98,68379.71,52583.45,15796.26,3.3,3.5
2025-11-19,Q4 2025,Nov,North America,USA,Services,Consulting,Mike Johnson,Education,Closed Lost,200,367.05,74641.06,62418.85,12222.21,21.4,3.5
2025-11-20,Q4 2025,Nov,Europe,Germany,Subscriptions,Enterprise Plan,Sophie Dupont,Enterprise,Closed Lost,348,664.52,242310.55,157198.77,85111.78,16.0,3.4
2025-11-20,Q4 2025,Nov,Asia Pacific,India,Subscriptions,Basic Plan,Raj Patel,Enterprise,Lead,440,70.4,33452.1,18949.63,14502.47,16.8,4.0
2025-11-21,Q4 2025,Nov,North America,Canada,Subscriptions,Basic Plan,Elena Rodriguez,Government,Closed Lost,488,43.67,19415.65,11303.7,8111.95,13.0,3.0
2025-11-22,Q4 2025,Nov,Europe,France,Subscriptions,Basic Plan,James Clarke,SMB,Lead,352,59.14,18755.94,11986.13,6769.81,5.2,3.8
2025-11-22,Q4 2025,Nov,North America,USA,Software,Security Pro,Elena Rodriguez,SMB,Lead,20,1757.05,37549.03,24281.42,13267.61,2.4,2.9
2025-11-23,Q4 2025,Nov,Latin America,Colombia,Services,Support,Ana Gutierrez,Education,Closed Lost,166,146.94,30858.83,22950.67,7908.16,15.0,4.5
2025-11-24,Q4 2025,Nov,North America,USA,Hardware,Laptop Pro,Sarah Chen,Government,Closed Lost,1,2987.07,5045.04,3613.35,1431.69,16.8,3.1
2025-11-24,Q4 2025,Nov,Europe,Germany,Subscriptions,Basic Plan,Hans Mueller,Education,Qualified,20,57.62,1347.15,790.86,556.29,18.0,4.5
2025-11-24,Q4 2025,Nov,Europe,Germany,Hardware,Desktop Plus,James Clarke,SMB,Lead,5,1118.24,6528.34,4686.61,1841.73,6.8,3.2
2025-11-24,Q4 2025,Nov,Asia Pacific,Australia,Subscriptions,Enterprise Plan,Yuki Tanaka,SMB,Closed Won,79,283.22,36659.65,21049.68,15609.97,2.9,4.4
2025-11-25,Q4 2025,Nov,Asia Pacific,Australia,Services,Implementation,Liam Zhang,SMB,Lead,185,261.7,48858.24,39803.19,9055.05,9.5,3.0
2025-11-25,Q4 2025,Nov,Asia Pacific,India,Software,Cloud Suite,Raj Patel,Enterprise,Closed Won,3,1860.71,6446.28,4172.68,2273.6,14.9,3.6
2025-11-25,Q4 2025,Nov,Asia Pacific,Australia,Subscriptions,Enterprise Plan,Liam Zhang,SMB,Negotiation,288,718.07,231200.31,146112.28,85088.03,4.3,3.4
2025-11-25,Q4 2025,Nov,Asia Pacific,India,Subscriptions,Basic Plan,Raj Patel,SMB,Closed Won,419,42.87,23128.84,13595.15,9533.69,0.8,3.7
2025-11-25,Q4 2025,Nov,North America,USA,Subscriptions,Professional Plan,Elena Rodriguez,Education,Closed Won,440,178.86,69062.06,43192.56,25869.5,16.2,3.4
2025-11-26,Q4 2025,Nov,North America,USA,Subscriptions,Enterprise Plan,Elena Rodriguez,SMB,Qualified,173,605.31,104507.27,65739.58,38767.69,4.7,3.1
2025-11-26,Q4 2025,Nov,Europe,France,Services,Training,James Clarke,SMB,Closed Won,75,59.99,4065.39,3282.77,782.62,0.4,2.8
2025-11-26,Q4 2025,Nov,North America,USA,Hardware,Laptop Pro,Mike Johnson,Education,Lead,100,2218.36,330900.34,255315.47,75584.87,16.5,4.4
2025-11-27,Q4 2025,Nov,North America,Canada,Software,Security Pro,Mike Johnson,SMB,Closed Won,3,599.44,2486.71,1587.15,899.56,2.4,4.0
2025-11-28,Q4 2025,Nov,Europe,France,Subscriptions,Enterprise Plan,Sophie Dupont,Education,Negotiation,51,372.61,17825.77,11479.32,6346.45,24.8,4.5
2025-11-28,Q4 2025,Nov,North America,USA,Subscriptions,Enterprise Plan,Mike Johnson,Government,Proposal,350,381.47,152531.45,91527.53,61003.92,15.7,3.6
2025-11-28,Q4 2025,Nov,Asia Pacific,Japan,Software,Security Pro,Raj Patel,Education,Lead,49,1355.35,74169.82,41724.81,32445.01,17.7,4.0
2025-11-29,Q4 2025,Nov,Europe,France,Software,Cloud Suite,James Clarke,SMB,Closed Won,3,1352.73,3717.7,2288.17,1429.53,7.8,3.3
2025-11-29,Q4 2025,Nov,North America,USA,Services,Implementation,Sarah Chen,Enterprise,Qualified,180,699.02,159436.12,131520.09,27916.03,13.8,5.0
2025-11-29,Q4 2025,Nov,Europe,France,Subscriptions,Basic Plan,Hans Mueller,SMB,Proposal,94,62.17,8022.92,4824.06,3198.86,3.7,3.3
2025-11-29,Q4 2025,Nov,Europe,Germany,Hardware,Server Rack,Sophie Dupont,Education,Closed Won,68,3603.04,312622.89,223194.97,89427.92,22.4,3.9
2025-11-30,Q4 2025,Nov,North America,Canada,Subscriptions,Basic Plan,Mike Johnson,SMB,Qualified,444,27.05,15592.62,9356.51,6236.11,4.2,3.8
2025-11-30,Q4 2025,Nov,North America,USA,Hardware,Desktop Plus,Mike Johnson,SMB,Proposal,34,1875.5,110723.79,86551.17,24172.62,2.8,3.5
2025-11-30,Q4 2025,Nov,Europe,UK,Services,Support,James Clarke,Government,Closed Won,178,204.72,29455.14,22821.84,6633.3,10.9,3.4
2025-12-01,Q4 2025,Dec,North America,Canada,Services,Consulting,Mike Johnson,Education,Qualified,70,460.63,33535.62,27126.47,6409.15,19.6,4.2
2025-12-02,Q4 2025,Dec,North America,USA,Services,Training,Mike Johnson,SMB,Lead,174,246.45,51700.41,41622.4,10078.01,6.8,3.7
2025-12-02,Q4 2025,Dec,Latin America,Colombia,Hardware,Server Rack,Ana Gutierrez,SMB,Qualified,39,3027.84,221594.7,157386.28,64208.42,8.7,3.4
2025-12-02,Q4 2025,Dec,Asia Pacific,Australia,Hardware,Desktop Plus,Yuki Tanaka,Enterprise,Proposal,48,1963.7,173805.8,128132.25,45673.55,17.1,5.0
2025-12-02,Q4 2025,Dec,Europe,UK,Subscriptions,Professional Plan,James Clarke,Education,Closed Won,372,202.63,54016.25,30673.82,23342.43,24.6,3.8
2025-12-03,Q4 2025,Dec,Europe,UK,Services,Training,Sophie Dupont,Government,Qualified,85,116.14,10943.41,8085.77,2857.64,6.9,3.1
2025-12-03,Q4 2025,Dec,Latin America,Brazil,Subscriptions,Professional Plan,Carlos Silva,Education,Closed Won,469,103.75,63070.61,37529.17,25541.44,24.1,3.8
2025-12-04,Q4 2025,Dec,Asia Pacific,Australia,Subscriptions,Basic Plan,Liam Zhang,SMB,Proposal,215,50.42,12245.74,7109.24,5136.5,3.3,3.3
2025-12-04,Q4 2025,Dec,North America,Canada,Software,Cloud Suite,Elena Rodriguez,Enterprise,Negotiation,48,902.96,42136.41,25691.2,16445.21,11.2,3.2
2025-12-04,Q4 2025,Dec,Europe,France,Software,Cloud Suite,Sophie Dupont,Enterprise,Closed Won,40,1898.5,74473.08,46076.9,28396.18,24.8,3.3
2025-12-04,Q4 2025,Dec,Europe,France,Services,Support,Sophie Dupont,Enterprise,Closed Won,9,321.7,3033.74,2161.16,872.58,12.0,4.1
2025-12-05,Q4 2025,Dec,North America,Canada,Software,Data Platform,Mike Johnson,Enterprise,Closed Won,16,1829.85,35175.47,19664.35,15511.12,15.2,4.2
2025-12-05,Q4 2025,Dec,Europe,France,Subscriptions,Professional Plan,James Clarke,Government,Lead,217,88.26,15544.9,9381.16,6163.74,14.6,3.0
2025-12-06,Q4 2025,Dec,Europe,Germany,Hardware,Desktop Plus,Sophie Dupont,SMB,Closed Won,16,1886.95,47161.22,36578.68,10582.54,5.0,4.0
2025-12-06,Q4 2025,Dec,North America,USA,Hardware,Server Rack,Sarah Chen,SMB,Proposal,47,4569.48,417227.2,317544.71,99682.49,4.3,4.0
2025-12-07,Q4 2025,Dec,North America,Canada,Services,Support,Mike Johnson,SMB,Negotiation,39,250.23,11753.13,8994.3,2758.83,6.9,3.4
2025-12-07,Q4 2025,Dec,Asia Pacific,India,Subscriptions,Professional Plan,Raj Patel,SMB,Qualified,234,146.56,44114.33,24604.49,19509.84,0.9,3.6
2025-12-07,Q4 2025,Dec,Asia Pacific,Japan,Hardware,Laptop Pro,Raj Patel,Enterprise,Closed Won,30,2122.18,82679.01,60902.85,21776.16,24.1,4.1
2025-12-07,Q4 2025,Dec,North America,Canada,Software,Cloud Suite,Elena Rodriguez,Government,Qualified,44,1973.6,83281.92,52142.58,31139.34,12.4,3.4
2025-12-08,Q4 2025,Dec,North America,USA,Services,Training,Mike Johnson,Government,Closed Won,193,240.58,54418.31,41984.04,12434.27,9.4,3.8
2025-12-08,Q4 2025,Dec,North America,Canada,Subscriptions,Basic Plan,Mike Johnson,Government,Closed Won,461,49.09,27172.59,15710.53,11462.06,11.4,3.8
2025-12-09,Q4 2025,Dec,Asia Pacific,India,Subscriptions,Enterprise Plan,Yuki Tanaka,Government,Closed Won,354,298.26,148231.21,87567.26,60663.95,16.8,4.5
2025-12-09,Q4 2025,Dec,North America,USA,Subscriptions,Basic Plan,Elena Rodriguez,Enterprise,Proposal,223,61.19,11460.12,7327.33,4132.79,19.8,4.1
2025-12-09,Q4 2025,Dec,Europe,France,Services,Implementation,Hans Mueller,Education,Proposal,23,321.42,8239.08,6656.53,1582.55,18.1,4.1
2025-12-09,Q4 2025,Dec,North America,Canada,Software,Cloud Suite,Elena Rodriguez,SMB,Lead,6,1986.92,12777.59,7413.65,5363.94,2.1,3.1
2025-12-09,Q4 2025,Dec,North America,USA,Software,Data Platform,Sarah Chen,SMB,Lead,26,1441.68,60167.68,35013.32,25154.36,0.3,4.2
2025-12-10,Q4 2025,Dec,North America,USA,Subscriptions,Basic Plan,Elena Rodriguez,Enterprise,Closed Won,315,40.59,11742.45,7586.15,4156.3,12.3,4.0
2025-12-10,Q4 2025,Dec,Asia Pacific,Australia,Subscriptions,Basic Plan,Raj Patel,Government,Negotiation,118,52.26,7540.1,4409.66,3130.44,5.8,3.4
2025-12-10,Q4 2025,Dec,Asia Pacific,Japan,Subscriptions,Basic Plan,Yuki Tanaka,SMB,Closed Won,313,70.24,34537.95,20310.21,14227.74,6.9,3.7
2025-12-10,Q4 2025,Dec,North America,Canada,Services,Consulting,Sarah Chen,SMB,Qualified,126,217.7,37096.6,32512.68,4583.92,8.0,4.0
2025-12-10,Q4 2025,Dec,North America,USA,Hardware,Server Rack,Elena Rodriguez,Enterprise,Qualified,91,4176.35,393463.54,306888.38,86575.16,25.0,3.2
2025-12-10,Q4 2025,Dec,North America,USA,Software,Data Platform,Mike Johnson,Government,Closed Won,41,2065.49,111463.13,65775.02,45688.11,7.1,3.6
2025-12-11,Q4 2025,Dec,Europe,Germany,Hardware,Desktop Plus,James Clarke,Enterprise,Negotiation,57,1914.31,106626.09,77131.39,29494.7,22.0,3.6
2025-12-11,Q4 2025,Dec,North America,Canada,Services,Support,Sarah Chen,SMB,Proposal,158,146.1,32202.59,23054.38,9148.21,5.1,4.6
2025-12-12,Q4 2025,Dec,Europe,Germany,Services,Consulting,Hans Mueller,SMB,Lead,173,489.57,114908.02,93555.23,21352.79,0.3,4.0
2025-12-13,Q4 2025,Dec,North America,USA,Hardware,Networking Kit,Mike Johnson,Enterprise,Closed Won,86,767.83,101919.19,79734.75,22184.44,13.6,3.9
2025-12-14,Q4 2025,Dec,Europe,UK,Services,Consulting,Sophie Dupont,Government,Qualified,166,361.86,57362.15,46237.83,11124.32,19.8,4.7
2025-12-14,Q4 2025,Dec,Latin America,Brazil,Hardware,Server Rack,Ana Gutierrez,SMB,Lead,74,3455.94,491999.69,346900.79,145098.9,6.4,4.5
2025-12-15,Q4 2025,Dec,Asia Pacific,Japan,Services,Implementation,Yuki Tanaka,Enterprise,Closed Won,25,511.63,15739.97,12843.17,2896.8,23.6,4.3
2025-12-15,Q4 2025,Dec,North America,Canada,Hardware,Laptop Pro,Elena Rodriguez,Education,Proposal,19,2611.35,53832.7,40764.34,13068.36,21.4,3.7
2025-12-15,Q4 2025,Dec,North America,Canada,Services,Training,Elena Rodriguez,SMB,Proposal,165,52.15,8068.03,6139.52,1928.51,6.2,3.7
2025-12-16,Q4 2025,Dec,Europe,UK,Services,Support,James Clarke,Enterprise,Proposal,136,376.51,38370.59,28656.39,9714.2,17.4,3.8
2025-12-16,Q4 2025,Dec,Europe,France,Software,Cloud Suite,James Clarke,SMB,Closed Lost,11,1885.43,19556.04,11710.99,7845.05,5.1,3.0
2025-12-16,Q4 2025,Dec,North America,Canada,Services,Training,Sarah Chen,SMB,Closed Won,174,99.05,23156.2,18737.44,4418.76,8.6,4.6
2025-12-16,Q4 2025,Dec,North America,Canada,Hardware,Desktop Plus,Mike Johnson,SMB,Closed Won,30,812.61,41633.22,33068.6,8564.62,4.4,3.9
2025-12-16,Q4 2025,Dec,North America,USA,Subscriptions,Enterprise Plan,Sarah Chen,SMB,Qualified,305,393.1,167098.36,104064.77,63033.59,9.5,4.0
2025-12-17,Q4 2025,Dec,Europe,UK,Services,Consulting,Sophie Dupont,Education,Lead,182,224.48,40473.87,34731.86,5742.01,16.8,4.6
2025-12-17,Q4 2025,Dec,Latin America,Mexico,Subscriptions,Basic Plan,Carlos Silva,SMB,Qualified,10,73.61,1142.68,729.09,413.59,9.1,3.6
2025-12-17,Q4 2025,Dec,Latin America,Mexico,Software,Cloud Suite,Ana Gutierrez,SMB,Qualified,35,1739.9,96787.18,54088.15,42699.03,2.5,2.6
2025-12-17,Q4 2025,Dec,North America,USA,Software,Data Platform,Sarah Chen,Government,Closed Won,7,2432.63,25057.99,15988.11,9069.88,8.6,3.9
2025-12-17,Q4 2025,Dec,Asia Pacific,Australia,Subscriptions,Basic Plan,Raj Patel,SMB,Proposal,197,30.97,7800.43,4943.61,2856.82,1.5,3.9
2025-12-18,Q4 2025,Dec,Europe,Germany,Hardware,Networking Kit,Sophie Dupont,Enterprise,Proposal,58,1132.74,90203.99,70172.77,20031.22,16.5,3.7
2025-12-18,Q4 2025,Dec,North America,USA,Subscriptions,Professional Plan,Sarah Chen,SMB,Lead,297,97.82,43756.61,25591.97,18164.64,2.2,4.1
2025-12-18,Q4 2025,Dec,Europe,Germany,Hardware,Laptop Pro,Hans Mueller,SMB,Qualified,94,2480.09,409180.73,304892.79,104287.94,6.6,3.9
2025-12-18,Q4 2025,Dec,Asia Pacific,Australia,Services,Consulting,Raj Patel,Enterprise,Closed Won,40,159.3,6529.09,5466.44,1062.65,17.3,2.8
2025-12-18,Q4 2025,Dec,North America,USA,Subscriptions,Basic Plan,Mike Johnson,SMB,Qualified,412,42.86,23260.5,14846.29,8414.21,2.8,3.9
2025-12-18,Q4 2025,Dec,Europe,UK,Subscriptions,Enterprise Plan,Hans Mueller,Enterprise,Proposal,260,688.34,228092.79,139540.92,88551.87,10.6,4.5
2025-12-20,Q4 2025,Dec,North America,USA,Subscriptions,Basic Plan,Elena Rodriguez,Enterprise,Lead,88,30.63,2131.11,1308.08,823.03,24.5,4.1
2025-12-21,Q4 2025,Dec,Asia Pacific,India,Subscriptions,Enterprise Plan,Yuki Tanaka,SMB,Lead,153,660.77,165474.67,100302.36,65172.31,3.0,3.8
2025-12-21,Q4 2025,Dec,Asia Pacific,Australia,Subscriptions,Professional Plan,Yuki Tanaka,Enterprise,Lead,425,154.86,99840.31,61829.64,38010.67,10.1,4.2
2025-12-21,Q4 2025,Dec,Latin America,Brazil,Hardware,Desktop Plus,Pedro Morales,Education,Lead,72,1046.77,87633.87,68738.47,18895.4,20.8,3.3
2025-12-22,Q4 2025,Dec,Europe,France,Services,Support,James Clarke,SMB,Closed Won,176,341.89,49129.76,38862.06,10267.7,10.0,3.0
2025-12-22,Q4 2025,Dec,Asia Pacific,India,Hardware,Laptop Pro,Yuki Tanaka,Education,Closed Won,72,2434.35,311888.14,238188.23,73699.91,20.0,4.7
2025-12-22,Q4 2025,Dec,North America,Canada,Services,Training,Sarah Chen,SMB,Lead,13,127.35,2197.59,1720.89,476.7,9.7,4.2
2025-12-23,Q4 2025,Dec,Europe,Germany,Services,Training,Sophie Dupont,SMB,Lead,159,242.85,43815.77,35636.41,8179.36,4.7,4.1
2025-12-23,Q4 2025,Dec,Europe,Germany,Software,Security Pro,James Clarke,Education,Lead,5,745.84,3075.43,1977.89,1097.54,17.0,2.8
2025-12-23,Q4 2025,Dec,Asia Pacific,India,Services,Implementation,Raj Patel,SMB,Closed Lost,113,709.31,91562.31,73960.0,17602.31,7.8,3.4
2025-12-24,Q4 2025,Dec,Latin America,Mexico,Services,Implementation,Pedro Morales,Government,Closed Won,19,639.45,11418.18,9195.18,2223.0,11.6,3.2
2025-12-24,Q4 2025,Dec,Latin America,Brazil,Subscriptions,Professional Plan,Carlos Silva,Education,Lead,497,207.32,133556.08,86140.77,47415.31,24.1,4.6
2025-12-25,Q4 2025,Dec,Europe,UK,Software,Data Platform,Hans Mueller,Education,Proposal,1,2849.14,3503.25,2233.81,1269.44,17.5,4.5
2025-12-25,Q4 2025,Dec,Asia Pacific,India,Hardware,Desktop Plus,Liam Zhang,SMB,Qualified,23,1195.36,41574.84,32616.65,8958.19,1.8,3.8
2025-12-25,Q4 2025,Dec,North America,USA,Subscriptions,Basic Plan,Mike Johnson,SMB,Lead,358,38.83,18273.66,11745.45,6528.21,3.0,3.4
2025-12-26,Q4 2025,Dec,North America,USA,Subscriptions,Enterprise Plan,Elena Rodriguez,SMB,Lead,398,709.88,267760.32,169537.05,98223.27,9.5,3.3
2025-12-26,Q4 2025,Dec,Europe,Germany,Services,Consulting,Hans Mueller,Enterprise,Proposal,107,365.69,46697.19,37461.04,9236.15,12.3,3.9
2025-12-27,Q4 2025,Dec,Asia Pacific,Japan,Subscriptions,Enterprise Plan,Liam Zhang,Enterprise,Closed Won,235,795.11,187938.36,115860.15,72078.21,13.9,4.0
2025-12-27,Q4 2025,Dec,Asia Pacific,Japan,Subscriptions,Enterprise Plan,Liam Zhang,Enterprise,Lead,330,522.29,172150.77,107460.07,64690.7,14.5,4.2
2025-12-28,Q4 2025,Dec,North America,Canada,Hardware,Desktop Plus,Sarah Chen,SMB,Proposal,36,1869.54,133893.46,100876.4,33017.06,2.0,4.4
2025-12-28,Q4 2025,Dec,Latin America,Colombia,Subscriptions,Professional Plan,Pedro Morales,Government,Lead,136,166.33,20734.67,12241.33,8493.34,17.7,3.7
2025-12-28,Q4 2025,Dec,Asia Pacific,India,Subscriptions,Professional Plan,Raj Patel,Enterprise,Qualified,186,106.68,19599.97,11182.33,8417.64,23.9,3.8
2025-12-28,Q4 2025,Dec,Asia Pacific,India,Services,Support,Yuki Tanaka,SMB,Negotiation,146,123.93,28502.49,21141.84,7360.65,2.2,4.3
2025-12-28,Q4 2025,Dec,North America,USA,Software,Data Platform,Elena Rodriguez,SMB,Negotiation,32,2596.59,87147.24,51155.29,35991.95,4.2,3.1
2025-12-28,Q4 2025,Dec,Europe,UK,Software,Cloud Suite,James Clarke,SMB,Proposal,43,2133.15,83665.06,49062.74,34602.32,8.2,3.4
2025-12-28,Q4 2025,Dec,Asia Pacific,India,Software,Security Pro,Raj Patel,SMB,Lead,39,527.86,26455.33,16443.42,10011.91,5.3,3.0
2025-12-29,Q4 2025,Dec,Asia Pacific,India,Software,Security Pro,Yuki Tanaka,Education,Closed Lost,15,1461.34,31051.41,17224.58,13826.83,19.7,4.7
2025-12-30,Q4 2025,Dec,Europe,UK,Services,Training,James Clarke,Government,Lead,130,160.52,15845.32,12269.93,3575.39,16.3,3.1
2025-12-30,Q4 2025,Dec,Asia Pacific,Japan,Software,Cloud Suite,Raj Patel,Enterprise,Closed Won,25,2373.23,67549.42,40184.34,27365.08,16.1,4.5
2025-12-31,Q4 2025,Dec,Europe,UK,Software,Security Pro,James Clarke,Enterprise,Closed Won,45,1302.55,52124.46,29233.93,22890.53,10.5,3.5
2025-12-31,Q4 2025,Dec,Asia Pacific,India,Subscriptions,Professional Plan,Raj Patel,SMB,Negotiation,18,118.68,2634.2,1478.78,1155.42,5.0,4.1
2025-12-31,Q4 2025,Dec,Asia Pacific,Australia,Software,Data Platform,Liam Zhang,SMB,Lead,12,3265.08,44358.53,27769.84,16588.69,7.3,3.7
